created_at,text,sentiment,score
2025-05-20 23:55:49,"흔들리는 통신판
SKT 유심 해킹 후폭풍…점유율 균형 맞춰지면 요금 인하 및 서비스 혜택 커질 전망",negative,0.09517502784729004
2025-05-20 23:51:10,SKT에서 갈아타고 싶은데 유플은 메인으로 쓰기엔 좀 그렇고 사실상 kt밖에 없어... 근데 kt도 품질 좋다고 하기엔 애매하고 위약금 문제도 있으니까 그냥 기다리는 중...,negative,0.30166661739349365
2025-05-20 23:42:06,skt 다털려놓고 요금은 잘만가져가네,negative,0.1464192271232605
2025-05-20 23:31:40,SKT 폰 다 무료교체해라,negative,0.17611569166183472
2025-05-20 23:24:39,"SKT, IMEI 30만건 유출 위험…거세지는 집단소송 움직임 #뉴스1",negative,0.03869807720184326
2025-05-20 23:23:43,"SKT는 무려 3년 전에 자사 서버가 털렸는데
3년 내내 지들이 털린지도 몰라놓고선 이제와서 자신있고 당당한 척 하는거 얼탱이가 없네 ㅋㅋㅋㅋㅋㅋㅋㅋ
3년이면 집을 턴 도둑이 아니라 거의 집 키 내어주고 동거하고 간 셈 아닌가",negative,0.09218013286590576
2025-05-20 23:23:02,"①SKT 서버 침입 해커, 금전 노린 협박·다크웹 정보 유출 없어
②3년 전 최초 침투 후 그동안 뭐했나…막판 한방 노렸을까
③""금전 목적보단 특정인 통신기록 등 고급 정보 노렸을 수도""

＂누가 뭘 노렸나＂…SKT 해킹사고 수수께끼 3가지 (출처 : 뉴시스 | 네이버 뉴스)",negative,0.031838297843933105
2025-05-20 23:22:27,"SKT의 마지막 원딜은 테디 박진성인데
왜 날조하냐고",negative,0.19939178228378296
2025-05-20 23:17:17,와 이건 좀 쩐다... skt imei 털려서 폰 바꿔야하는데 다시 갤럭시가야하나 에어팟때문에 아이폰 온건데....,negative,0.24812984466552734
2025-05-20 22:59:01,"SKT 2차 발표, 세상은 왜 이리 조용?

총 23대 서버의 대대적 해킹 확인됐으며, 3년 전부터 유출 시작됐으나 12월 3일(계엄령)부터 활동이 중단되었다는 것.

""국가 사이버전쟁 의심"", ""비상사태""에 대해 부정했던 야당과 헌재는 왜 즉시 탄핵 취소 안 하나?",negative,0.23624199628829956
2025-05-20 22:52:29,"""SKT 해킹 뉴스 소감""

SKT 유심칩 문제 터졌을 때 난 거기 가입자가 아니라 강 건너 불구경하듯해 자세한 내용은 모른다. 서버마다 악성 코드가 한두 개 심은 것도 심각한데 열 몇개가 동시에 발견됐단 뉴스를 보고 데자뷰처럼 IT 업계 흔한 사례가 떠올라서...",negative,0.13357645273208618
2025-05-20 22:50:29,강제기변 .. SKT는 지원금 쏘세요~,positive,0.8111241459846497
2025-05-20 22:23:29,계엄전 날까지 SKT 로그기록 누군가 삭제중이었답니다.,negative,0.4640025496482849
2025-05-20 21:51:16,"[한국경제]’유심 해킹’ SKT에 소비자 9213명 집단소송…”예견된 인재”
더보기 >>",negative,0.261120080947876
2025-05-20 21:50:53,스크 포함 姫 일가는 제대로 깨져야 할 듯 싶어.,positive,0.6784650087356567
2025-05-20 21:50:52,목적이 있었기에 알면서 방치한 거.,negative,0.058016061782836914
2025-05-20 21:50:52,이것 또한 고의적이지.ㅎㅎㅎㅎ,positive,0.5640103816986084
2025-05-20 21:50:42,"SKT 서버 악성코드 추가 발견
더보기 >>",negative,0.3702194094657898
2025-05-20 21:45:39,"SKT 지난 12월3일부터 지난달 24일(SKT해킹 발표날)는 자료 유출이 없었다.

22년6월15일부터 24년12월2일까지는  
자료유출 여부 점검 못했다.

12월3일 어디서 많이 들어본 날짜인데.. 하고
찾아보니 계엄령 내린날 ㄷㄷ",positive,0.6636413931846619
2025-05-20 21:44:13,귀찮아 안할래 범죄당해도 내탓이냐 skt탓이지 바꿔도 뭐해 또 털릴텐데,negative,0.3292158842086792
2025-05-20 21:43:18,"[사설] SKT 해킹도 중국계 추정, 中 앞에 무방비인 나라",negative,0.18911206722259521
2025-05-20 21:35:05,"SKT 감염서버, 암호화 안된 개인정보 담겨… “총체적 보안 부실”

3년간 악성코드 침투한 줄도 몰라… 해킹 안 뒤엔 가입자에 ‘늑장통보’
유심 재고 확보도 안해 ‘교체대란’… 정부도 피해 과소 예상, 신뢰 잃어
이재명 “SKT, 충분한 대응 조치해야”",negative,0.011111199855804443
2025-05-20 21:27:45,기록 사라진 SKT 해킹 수사 ‘안갯속’…“통신사 반복 사고 고리 끊어야”,negative,0.10089212656021118
2025-05-20 21:16:07,SKT 12월 3일,negative,0.3401055932044983
2025-05-20 21:13:01,ㅁㅊ SKT 뒤져라,negative,0.3426283597946167
2025-05-20 21:09:10,"진짜 이걸 어떻게 해야 해결이 되는지 알려줘라, 제발!! 
시기가 시기인만큼 부담되서 그런다-백번 양보하고 선거 후에 지켜 보겠다.
skt도 반드시 폐업해야 맞는데 안 하기만 해봐!!!!",negative,0.11070883274078369
2025-05-20 20:57:31,"[사설] SKT 해킹도 중국계 추정, 中 앞에 무방비인 나라 (출처 : 조선일보 | 네이버 뉴스)",negative,0.2458784580230713
2025-05-20 20:54:01,"3년 전 뚫고 아무 요구 없었다…SKT 해킹, 무엇을 노렸나",negative,0.24115198850631714
2025-05-20 20:33:42,"SKT 감염서버, 암호화 안된 개인정보 담겨… “총체적 보안 부실”",negative,0.11871153116226196
2025-05-20 20:27:30,"SKT 감염서버, 암호화 안된 개인정보 담겨… “총체적 보안 부실” (출처 : 동아일보 | 네이버 뉴스)",negative,0.14924663305282593
2025-05-20 20:07:41,"[사설] SKT 해킹도 중국계 추정, 中 앞에 무방비인 나라",negative,0.18911206722259521
2025-05-20 20:03:29,"[사설] SKT 해킹도 중국계 추정, 中 앞에 무방비인 나라",negative,0.18911206722259521
2025-05-20 19:43:01,SkT가 제공함 최태원 씨발세끼야 3대가 아니 너하고 네 불륜녀만 천벌받아 죽을때 고통스럽게 죽어라,negative,0.07983964681625366
2025-05-20 19:41:28,공교롭다 대선앞두고 중국의 해킹으로 한국인 절반 이상이 쓰는 SKT가 해킹당하다 중국이 이재명이 되게 셋팅한 대선임 오늘 중귝인이 두명 살해 두명 중태에 빠트리고 또 중국인이 호프집서 묻지마 칼부림 제주 공항서 중국 여자 화장실서 물비누로 머리감고 중귝남자 전철서 담배피고 꽁초버림,negative,0.44956815242767334
2025-05-20 19:34:29,"""잠복했다 발동"" 중국산 악성코드, SKT 서버 어떻게 털었나 | 경제 : 네이트 뉴스",negative,0.0536421537399292
2025-05-20 19:25:43,"[사설] SKT 해킹도 중국계 추정, 中 앞에 무방비인 나라 (출처 : 조선일보 | 네이버 뉴스)",negative,0.2458784580230713
2025-05-20 19:20:47,SKT 3년전부터 다 털려,negative,0.05967336893081665
2025-05-20 19:20:35,Skt 해킹 12월 3일 계엄일 이후부터는 로그인 기록 지우지 못함??,negative,0.32935798168182373
2025-05-20 17:54:39,22년 5월에 skt에서 kt로 갈아탔는데 이걸 다행이라고 해야돼 아직 남아있을 내 정보에 좆됐다고 해야돼...,positive,0.536957323551178
2025-05-20 17:51:38,"무슨 내용인지 심각해보여요.
미국교포분이 올리신듯
SKT이래도 되나요??",negative,0.008763790130615234
2025-05-20 17:49:20,"skt 사고터지고 계속 이런가봄
목소리가 죽을것같길래 머라고도 몬함..",negative,0.44942790269851685
2025-05-20 17:47:06,"줍줍)미친민주당 지지안하는 사람인지는 어떻게알았으며 그사람들의 정보수집은 어떤방식으로 한건데?개인들한테 다 허락받고 수집한거임?아니면 skt해킹사태미친놈랑 이재명이랑 같이 사진찍은후 갑자기 민주당은 skt해킹인데 정부,과기부장관 까고 그러더니..민주당 니들이랑 sk랑 혹시 뭐 있늬?",negative,0.3450794219970703
2025-05-20 17:25:13,수사 하면서 정보 어디까지 갖고 있는지 확인하려는것 같은데 어제 SKT 해킹 터지고 뭔가 급박하게 돌아가는 느낌,positive,0.6399893760681152
2025-05-20 17:24:01,"의외로... skt해킹으로 이득본것

더이상 스팸문자가 안옴
복제 유심칩 거기로 가나봄...ㅋ",negative,0.018492281436920166
2025-05-20 17:18:50,"그러고나서..
나는 지금... 일중이니까 나중에 다시 전화달라고 그랬는데 .. 
그러니까 그럼 7시 30분 넘어서 다시 전화주겠다고 끊었거든.!?  
그러고 나서 바로 skt고객 센터 전화했지..
이러한 상황이였는데 ..이런 서비스가 있냐고....

썅!! 없데!! 
결국 내 집주소만 털리구 ㅠㅠ",negative,0.04832959175109863
2025-05-20 17:14:43,"그 번호를 다시 찾고 싶은 내가, 그 번호를 쓰기위해서는 날짜가 18일로 바뀌면, 제일 먼저 그 번호를 누군가가 채가기 전에, 내가 먼저 skt 홈피에 접속해서 그 번호를 내 것으로 정하면 되는 것이었습니다.",positive,0.7330699563026428
2025-05-20 17:12:41,"근데.. skt가 최근 유심이슈가 있자나
..?  그래서 유심 신청도 새로 했었거든? 

이분께서 오래 이용해주셨고 
앞으로도 함께 하기 뭐시기 하면서 갤럭시 25를 보내주겠다는거야 유심이랑 같이...  
나는 이때까지..정말 믿었음 ㅠㅠ 
색상 선택이랑... 자택 및 회사 어디로 받을거냐도 물어보길래",positive,0.8834712505340576
2025-05-20 17:12:40,"내가 낮에 있었던일... 
070 번호는.. 항상 절대 받지않는데..이번에.. 회사 업무차 여러곳에 전화 했어서... 010으로 온 전화를 받음.... 
받아보니..skt 전산관리팀..팀장..xx님이시라더라",positive,0.8174023628234863
2025-05-20 17:08:22,온우주를 덮는 그날 …Skt 같은거 사라질지도……,positive,0.7763394117355347
2025-05-20 17:04:26,"우리측. .skt 유심 해킹이 ""중국 정부의 지원을 받는 중국 해커팀에 의해 저질러 졌다는게 밝혀졌습니다.",negative,0.31586265563964844
2025-05-20 16:53:31,"원래 핸드폰이랑 인터넷 둘 다 skt 쓰다가 이번에 바꿈.. 원래도 바꿀 타이밍이라 알아보고 있었는데 해킹은 당했다지, 유심은 기다려야 된다지.. 열받아서 걍 통신사랑 폰까지 다 바꿔버림. 사실 해킹에 대해선 크게 걱정은 안됐고 괘씸하다에 가까웠는데 바꾸고 나서 나온 뉴스보니..........",negative,0.03726983070373535
2025-05-20 16:39:45,이미 유심정보 탈탈 털린 skt고객인시점에서 의미가있는소리인지모르겠지만,negative,0.09430044889450073
2025-05-20 16:13:59,4. 집에 왜 있는지는 모르지만 SKT T1 시절 자켓이 있습니다. (마킹은.. 셀프마킹 하다 망해서 F만 남아버린 페이커마킹),negative,0.33168333768844604
2025-05-20 16:13:37,내가 전화를 못하는 건 Skt의 문제인 것 같음.,negative,0.06392574310302734
2025-05-20 16:13:08,"이 친구 얘기에 긍정적인 내용이 있네요.
SKT해킹사태,  박근혜,윤석렬 탄핵등",positive,0.7035197019577026
2025-05-20 16:12:40,"통화연결음 뚜루뚜루루는 왜 있지?
어차피 통화량 많다고 끊을거면서..!!
이게 다 SKT때문이다.",negative,0.274458646774292
2025-05-20 16:10:02,"남대문서, 최태원 SK 회장 등 고발 사건 본격 조사
오늘 SKT 관계자 고발한 법무법인 불러 조사 예정
해킹 인지 시간 허위 신고·정보 관리 소홀 등 주장
서울경찰청, 민관합동조사단과 공조하며 배후 추적",negative,0.040196359157562256
2025-05-20 16:06:41,"Skt는 유심도 안주고 전화연결도 잘 안해주나봐^^
지금 5번 걸었는데 다 안돼... 흐규ㅠㅠㅠㅠ",negative,0.18658983707427979
2025-05-20 16:05:25,아 요새 진짜 억까당하네 주말출근 skt유출 마우스 아주그냥지랄남,negative,0.06125587224960327
2025-05-20 16:04:22,이렇게됀거  테무 틱톡 skt 알리 빨리  내돈내놔,positive,0.7641669511795044
2025-05-20 16:02:55,"SKT 유심 서버 해킹. 
역시나 짱깨가 벌인 일.
이재명, 니는 아직도 쎼쎼만 외칠거냐?",negative,0.04487413167953491
2025-05-20 15:59:03,SKT 다 털려서 10년만에 갤럭시로 왔는데 진짜 적응 안된다 어렵다 어려워,negative,0.014382541179656982
2025-05-20 15:50:34,"[변희재의 시사폭격] 4%차 추격 김문수,  박근혜 탄핵주범 최태원의 SKT를 쳐라!  출처",negative,0.21737253665924072
2025-05-20 15:32:42,비화폰이 SKT라는 얘기가 있던데... 윤석열 대통령께서 청와대 거부하고 용산 집무실로 이전하는 시기와 해킹 시기가 맞물리는 거 보면 청와대에서 도감청하려는 계획이 실패해서 SKT를 해킹해서 비화폰 도감청을 시도한 게 맞는듯...,negative,0.17061161994934082
2025-05-20 15:30:25,"하튼 친구들아 티 컬러링(skt전용)에 
석진이 에코 앨범 다 나와있어 
사진엔 안보이지만
Background, Rope it 도 나와있음 !!",positive,0.9635282754898071
2025-05-20 15:19:14,"이 중요한 선거 시기에 SKT만 사고 안 쳤어도!!!
문제는, 지금 임시 주민등록증이 투표권 주장에 효력 있는지 여부가 아직 뉴스에서 아무 보도가 없음.
내가 처음 받아본 임시 주민등록증은 A4종이임.
신분증 스캔이 불가능함.
가만 있지 말고 확인 좀 시켜줘요!",negative,0.37042325735092163
2025-05-20 15:01:15,"SKT해킹이 최근 발견된 것이지 최근에 이루어진 것은 아닌 것 같습니다: 합동조사 결과로는 2022년 6월부터 2024년 12월 2일까지 해킹이 된 것 같은데요, 만약 비상계엄이 이와 관련이 있다면 기존의 방법의 부정선거는 어려울 것이라고 봅니다.

이기고 왔다는 그 말씀을 믿어볼까 합니다.",positive,0.7581758499145508
2025-05-20 14:58:49,"사실 저는 벅차오르고 싶을 때마다 월즈 경기들 돌려보는데
23 월즈 우승 당시 해외 해설 멘트
SKT의 유산이 다시 불타오릅니다<<이거 들을때마다 눈물은 안 나오는데 울컥하는 건 왜일까요... SKT시절에 나는 롤판에 없었는데도..",positive,0.7121221423149109
2025-05-20 14:46:15,"1차 합동조사단 발표시) SKT 해킹 -> USIM 칩은 코나아이 -> 음모론

2차  발표시) SKT 해킹 -> 로그 기록 없는 시기가 내란 시기와 일치 -> 음모론

두개 모두 음모론인데 주장하는 이들이 지지하는 당은 다름. 에효~

3년 전 시작된 해킹 진짜 걱정할 건 이겁니다",negative,0.08880084753036499
2025-05-20 14:46:10,그정도 전문지식이면 SKT랑 선관위 서버가 연관이 없다고 주장하시는 부분에 근거가 상당히 부족해 보이십니다만...?,positive,0.5213961601257324
2025-05-20 14:41:29,시발 skt새끼들아 봣냐? 이렇게 처 하라고 아주 좋은 자세야 그렇지,negative,0.09789115190505981
2025-05-20 14:34:41,"SKT 확실하게 일을 해줬으면 좋겠는데
현재 이용 고객이 아니더라도 해킹 당한 시점을 정확하게 공지하고 그때 당시에 이용했던 고객들한테도 알려줘야지 언제 무엇이 해킹되었는지 개별적으로 제공해야 하는 거 아닌가? 또 SKT 이용자였던 사람들은 통신사를 옮겼더라도 T world에 탈퇴하지 않는 이상",negative,0.3830403685569763
2025-05-20 14:23:51,SKT 망해라,negative,0.07748252153396606
2025-05-20 14:20:02,"경찰, ’SKT 해킹 대처 논란’ 본격 수사 나서
남대문서, 최태원 SK 회장 등 고발 사건 본격 조사
내일 SKT 관계자 고발한 법무법인 불러 조사 예정
해킹 인지 시간 허위 신고·정보 관리 소홀 등 주장
조사단 ""악성코드 감염, 3년쯤 전부...",negative,0.025784611701965332
2025-05-20 14:15:10,skt는 당장 나에게 100만원을 주도록,negative,0.22705775499343872
2025-05-20 14:12:29,[단독] 'SKT 해킹사태' 최태원 등 수사 착수...배후 추적도 / YTN  -,negative,0.15950357913970947
2025-05-20 14:08:02,"비 우호층들이 누군지 다 알고 있나보네??
SKT털어서 알고 있는거야?
당선되고 비 우호층들 한테 불이익 줄건 아니지?
애초에 국민들 정치 성향 알고 있는게
이상한거 아님??",negative,0.3628765344619751
2025-05-20 14:06:51,[단독] 'SKT 해킹사태' 최태원 등 수사 착수...배후 추적도,negative,0.2370845079421997
2025-05-20 14:04:41,[단독] 'SKT 해킹사태' 최태원 등 수사 착수...배후 추적도,negative,0.2370845079421997
2025-05-20 14:03:02,SKT 단말기 식별번호 유출 가능성…유심보호서비스 무력화될수도,negative,0.10679835081100464
2025-05-20 13:55:28,"혹시 SKT 사용자들한테만 오는 거 아니냐?ㅋㅋㅋ

최태원 개새끼야 첩한테 오입질 할 시간에 회사 경영이나 잘해라.

<민주 ‘非우호층 1대1 설득’ 나서…50만명에 전화 돌린다>",negative,0.07662224769592285
2025-05-20 13:55:20,심지어 나 skt 임,negative,0.3385964035987854
2025-05-20 13:49:56,"SKT 유심 정보 유출 관련 손해배상 청구 집단소송 참여합시다. 저도 참여했으며 많을수록 힘도 더 커집니다. 배상금으로 우리의 개인정보 유출의 가치를 전부 보상해주진 못하지만, 받을 수 있는 만큼은  받아아죠.",positive,0.8628169894218445
2025-05-20 13:46:20,"SKT 유심칩 이재명 코나아이가 
제작배포 진짜 너무 투명하네
정경유착",negative,0.39800965785980225
2025-05-20 13:43:36,"와 씨바 설마 선관위 서버랑 SKT랑 묶는 병신같은 소리를 하는거 아니지?
너 진짜 그런 미친소리 믿는거 아니지???
너 씨발 그래도 한때 IT 전공했던 사람 앞에서 진짜 개쌍욕 쳐먹고 싶은거 아니지?",negative,0.008116841316223145
2025-05-20 13:38:30,"내가 몇 년 전부터 강하게 의심해왔던게 국내 증권사 개인정보가 금융정보 포함해서 다 탈렸다는거다. 그때 당시에 내 계좌에 미니선물 포지션 하나 가지고 있었는데, 주구장창 선물대여계좌 스팸전화가 왔었다. 이건 내 계좌정보를 모르면 할 수 없는 스팸임
지금 SKT가 다 털렸다는건 국내",negative,0.2759905457496643
2025-05-20 13:36:34,아니 병신아 니가 들고온 짤이 SKT 유출사태 짤이잖아,negative,0.13505852222442627
2025-05-20 13:34:58,"누가 네이버 로그인 했다고 해서 기분탓인 줄 알앗는데
오랜만에 네이버 들어가보니까 내가 만든 적도 없는 중고거래 카페에 나 혼자 글 12개 올림
SKT 씨 발 새 끼 야",negative,0.046455204486846924
2025-05-20 13:22:04,컬러플.. 저때 lte 눝 쓴다고 skt에서 여태껏 바꾸지 못하고 2025년에 정보가 털린 사건 ㅋㅋㅋㅋㅋㅋㅋㅋㅋㅋㅋㅋㅋㅋㅋㅋㅋㅋ,positive,0.616140604019165
2025-05-20 13:15:49,"???  민주당 비우호층 19일까지 약 15만 명과 통화를 마쳤으며 선거 전까지 50만 건을 달성한다는 목표다. 개인정보 아냐? 
중국팀에서 턴 skt 정보 다크웹에서 사왔냐?",negative,0.2853531241416931
2025-05-20 13:11:31,"[성공예감 이대호입니다] 1부 | SPC 노동자 사망… 4년간 3명 숨져 |SKT 해킹,3년 전부터 시작? |“한국 건강보험은 꿀...",positive,0.5724196434020996
2025-05-20 13:08:30,"오마이뉴스 [박순찬의 장도리 카툰] 법대로 #SPC #SKT #판사 #룸살롱 
SPC삼립 시흥 제빵공장서 50대 노동자가 작업중에 컨베이어벨트에 끼어 사망했다. 
룸살롱 소파에 앉아있는 법관의 사진은 이 나라의 법이 누구를 위해 존재하는지 의심을 할 수밖에 없게 만든다.",negative,0.3393704295158386
2025-05-20 13:07:28,어차피 SKT로 다 털렸는데 돈도 못 받고 정보만 털리고,negative,0.0049704909324646
2025-05-20 13:06:45,"skt해킹으로 하나?
다단계 사이비종교 방식 무섭다
이거 스토커 신고 가능한가요?",negative,0.07033705711364746
2025-05-20 13:03:15,KT 해킹사건으로 한창 떠들썩 할 때 SKT는 능력도 의지도 없어서 해킹 사건은 걱정 안해도 된다 했는데 상상 이상으로 능력이 없을줄은...,negative,0.16757982969284058
2025-05-20 12:55:53,어라..혹시SKT?,negative,0.0882921814918518
2025-05-20 12:53:43,이노무 SKT,negative,0.0957564115524292
2025-05-20 12:50:33,Ha skt...인데..,negative,0.22959494590759277
2025-05-20 12:42:10,"[변희재의 긴급논평] SKT 해킹사태 사실상 전 가입자 유심정보 다 털렸다, 3년전 첫해킹까지!  -",negative,0.14702314138412476
2025-05-20 12:34:42,"SKT, ‘갤S25 엣지’ 신규영업 불가ㅋㅋㅋ
더보기 >>",positive,0.7944858074188232
2025-05-20 12:33:47,SKT가 이 방송을 싫어합니다.  출처,negative,0.0990363359451294
2025-05-20 12:28:23,SKT가 또..,negative,0.21824556589126587
2025-05-20 12:26:08,제가 skt를 4850일 넘게 썼더라구요...그치만 니네가 먼저 일처리를 거지같이 했잖아^^,positive,0.6401503086090088
2025-05-20 12:25:51,"‘가짜뉴스’ 등 엄정 대처해야

민주당 선대위가 꼽은 가짜뉴스·허위사실 유포 사례만 봐도 이 후보의 소년원 관련 11건,주변인 사망 관련 49건,SKT-코나아이 관련 28건,네이버 플랫폼 관련 28건 등이다<어마나! 소년원?측근사망?skt?,코나아이?,네이버?망측해라 무슨일이?ㅠㅠ",negative,0.41588401794433594
2025-05-20 12:24:06,"SKT 통신사 대리점들 아직 정신 못 차렸네요
유심 교체 문자 받고 방문했는데 유심교체하려면 고객확인이 필요하다면서 SKT에서 보낸 문자 확인한다고 해서 보니 이게 SKT프랜즈 가입 확인 문자 였네요
지금 누구때문인지 파악이 안되나요 SKT 정신차리세요 뭔짓이냐구요",negative,0.24494963884353638
2025-05-20 12:22:52,그 전화번호 어디서 가져왔니?? SKT에서???,negative,0.18982356786727905
2025-05-20 12:20:01,"경찰, ’SKT 해킹 대처 논란’ 본격 수사 나서
남대문서, 최태원 SK 회장 등 고발 사건 본격 조사
내일 SKT 관계자 고발한 법무법인 불러 조사 예정
해킹 인지 시간 허위 신고·정보 관리 소홀 등 주장
조사단 ""악성코드 감염, 3년쯤 전부...",negative,0.025784611701965332
2025-05-20 12:14:57,"아니 근데 SKT는 한달이 다 되어 가는데 이렇다할 보상 하나 없이 조용한거 너무 괘씸한데??

이미 털린 거 그냥 두자 했는데 이젠 괘씸해서 집 통신사 다 바꿀까 싶다",negative,0.37455976009368896
2025-05-20 12:05:38,아니 왜 이런 피해를 우리가 당해야 하며 유심에 폰에 번호랑 민증까지 싹 다 바꿔도 안전하다는 보장이 없다는 거잖아요 SKT는 제대로 보상대책안을 세워서 고객들께 제안을 해야지? 무료 유심교체 이딴걸로 넘어갈게 아니라,negative,0.09422242641448975
2025-05-20 12:03:09,"다음 주(2025년 5월 26일~30일) 타이푼콘TyphoonCon 2025. 전 세계 화이트 해커(윤리적 해커)들이 모여 고급 취약점 분석, 익스플로잇 테스트, 윤리적 해킹 교육, 라이브 해킹 대회 등

SKT 해킹, ""왜 12월3일 이후 기록은 못 지웠나?""..비상계엄과 연관성 대두",positive,0.8072746992111206
2025-05-20 11:57:53,문정부 흰신패스... 방문자 QR코드 ..?  심각하네.. skt 해킹도 그렇고...,negative,0.021846532821655273
2025-05-20 11:57:17,"게시물 전송이 난리네
너무 열받아서 막 다다다 누르다 게시물 날려먹고
와파도 연결 잘 되어있고 혹시 몰라 캐시도 삭제했는데 왜 이러는 거야
주나니 웃음 모음 첫 번째 게시물 빼고 다 날림
언제 다시 올려
폰 다시 껐다 키고 싶은데 skt유심때문에 끄지도 못함",negative,0.20848506689071655
2025-05-20 11:55:54,"SKT는 홈페이지에서 보안프로그램 깔라고 할시간에 자기들 HSS 서버 보안이나 쳐 간수해라 

심지어 macOS는 되지도 않네 ㅋㅋ 국내 1위 통신사가 사이트 만들어놓은 꼬라지가 이게 맞나..?",negative,0.13894730806350708
2025-05-20 11:55:12,3년 전 해킹사실 몰랐던 SKT…＂피해 발생할 경우 100% 책임＂ (출처 : 뉴시스 | 네이버 뉴스)  - 피해 신고해도 듣기나 했겠냐? 그리고 피해가 없을것 같아? 급하다고 아무말이나 하다간 후회할텐데.,negative,0.2504027485847473
2025-05-20 11:36:27,"이야...

이러면 10년전부터 해킹당해왔는데 몰랐을 수도 있는거네... 보이스피싱 많아진 이유가 있음 ㄷㄷㄷ

SKT 관련해서 기사들이 좀 이상하지만, 결국 파이어월 로그를 5개월밖이 관리를 안한 skt의 문제가 확실해 지네요.. ISMS-P 인증 기준이나 정보통신망법에서는 개인정보 서버들은 적어도",negative,0.31039631366729736
2025-05-20 11:34:28,왜 SKT...돈보다 정치적 해킹 가능성이 높아진 까닭은 (출처 : 한국일보 | 네이버 뉴스),negative,0.34141021966934204
2025-05-20 11:25:59,ㄱㅐㅂㅅ skt때문에 폰을 바꿀지 액정만 고칠지 고민이네 어휴 ㅆㅂ 나 당분간 폰 안바꾸려고 했는데 이ㅣㅣㅣ시ㅣㅣㅣ벌 안 바꾸면 호구같고 바꾸자니 귀찮음 ㅠ,positive,0.7017974257469177
2025-05-20 11:16:18,"군 이동통신망도 예전 신세기통신 군 017 시절부터 계속 SKT가 운용중인거 아닌가

그쪽도 다 털렸겠구만",negative,0.11160975694656372
2025-05-20 11:10:43,아니 skt ㅈ같아서 내년에 lg로 옮기긴 할건데…. 3사 모두 …… 다 맘에 안들어 ㅠ,negative,0.09657096862792969
2025-05-20 11:08:45,하 ㅋㅋ skt는 ㅅㅂ 좀 뭐라도 조치를 취하라고 위약금 면제 조치해주면 안되겠냐? 내가 왜 지금 약정해지를 못하고있는데 약정 1년도 안지나가지고 위약금 개비싸서 어떻게 할 수도 없고,negative,0.1640835404396057
2025-05-20 11:08:08,투명하죠? SKT ???,negative,0.05608630180358887
2025-05-20 11:06:30,읽어보고 작성하고 인당마넌입금,negative,0.09905612468719482
2025-05-20 11:05:29,자기야 그 skt 단체소송? 그거 어케하는거야?,negative,0.050656259059906006
2025-05-20 11:01:52,"SKT 탈탈 털리는 동안 ""여기는 오히려 막았다""… '2천억' 지켜낸 가입자들 '환호성' - 리포테라 -",negative,0.14079970121383667
2025-05-20 11:00:44,아버지 통신사가 skt라면 민증을 바꿔드려봅시다,negative,0.28304344415664673
2025-05-20 10:57:08,오버워치 skt써서 해킹당했나,negative,0.0441017746925354
2025-05-20 10:55:06,요새 우리나라사람들 skt 수준의 위협적인 사건 아니면 일반 사이트에서 개인정보 털리는 정도엔 반 포기한 상태라...알바몬 개인정보 털린사람 10만원줌 이런거 막상 가면 다들 안털렸다고 나오는거... 솔직히 마케팅같음,negative,0.11596351861953735
2025-05-20 10:51:56,"오늘부터 바레인, 방글라데시까지 스타링크 서비스 개시!!
어설픈 선진국(?) 조선은 언제될지 가늠도 못하고 있음. +_+
SKT는 회사 해체, 정리하고 스타링크나 허용해라. 지금 보통 심각한 사태가 아닌데 그 누구도 움직일 생각을 안 함.",negative,0.14987963438034058
2025-05-20 10:44:27,이번 SKT 해킹 유심칩도 코나아이가 만든다고함,negative,0.2946649193763733
2025-05-20 10:42:15,비우호층 전화번호는 어떻게 확보했는데???? SKT 해킹해서 정보 얻어왔니??? 아니면 다른당 당원DB라도 확보했어???? 쳐돌았네 진짜,negative,0.07015621662139893
2025-05-20 10:40:41,"아이고 SKT는 당장 렛님께 핸드폰무상제공을 해라......
교육 힘드셨을텐데 하필..오늘 넘넘 수고많으셨어요!!!
일은 렛님이 하셨는데 제가 뽀뽀받기 좋네요(۶•̀ᴗ•́)۶—̳͟͞͞♡",positive,0.9522613286972046
2025-05-20 10:40:11,우리 가족 전원 SKT쓰는데 이 기회에 주민등록증 재발급 받는 게 어떻냐고 넌지시 물어볼까,negative,0.2970738410949707
2025-05-20 10:38:54,SKT 해킹 충격 비밀/왜 12월3일 이후 기록은 못지웠나?  -,negative,0.2744981050491333
2025-05-20 10:33:45,"수년전부터 해킹이 있었는데 왜 지금 SKT 해킹 이야기가 급 터졌을까

한번쯤 다각도로 볼 필요가 있다

여의도 왔다가 찍음",negative,0.18838286399841309
2025-05-20 10:28:18,"[재계·산업 업계동향]SKT, 해킹 사태…고발인 조사 진행 예정-NSP통신",negative,0.05068981647491455
2025-05-20 10:28:15,7년 가까이 kt하다가 한달전 skt 로 바꾸고 낭패 ;;; 오늘 유심 교체 완료! 으이그!!! sk 이 웬수,negative,0.029312431812286377
2025-05-20 10:16:59,"아니 오늘만 해도 이거 똑같은거 4개 옴 시발
내 번호 털렸나
난 본투비 skt 소속이 아닌데",negative,0.2799221873283386
2025-05-20 10:03:51,알바몬은 개인정보 안털렷던데 털려보지 좀 skt 이것들은 내 개인종보 탈탈 털어쳐먹고도 아무것도 안주던데,negative,0.11226868629455566
2025-05-20 10:03:22,skt 싹다 밀고 새로 하나 만들자,negative,0.03265976905822754
2025-05-20 10:00:49,"SKT는 악성코드 설치 이후 3년 넘게 이를 알지 못한 것으로 드러났습니다.
#SKT  #유심",negative,0.08265984058380127
2025-05-20 09:59:42,SKT도 뚫리는데 선관위는 안 뚫려?,negative,0.15963685512542725
2025-05-20 09:59:35,"지금 해야 할 것

1. 재외국인 투표의 부당함 알리기
2. NPC에게 SKT 해킹 및 로그 기록 근거로 계몽

'지금' 하면 안 되는 것

1. 우파끼리 의견이 맞든 안 맞든 싸우지 말기
2. 본인 생각과 다르다고 비판 금지(찢빠 제외)",negative,0.11276060342788696
2025-05-20 09:58:24,씨빨 skt 이개색끼들아,negative,0.43176066875457764
2025-05-20 09:58:14,"이재명 짜치는점이 skt통신요금,김혜경이 환장하는 고야드,샤넬,디올,에르메스같은 사치품 원가는 공개도 못하면서 카페 커피원가,계곡닭백숙원가만 공개한거 커피수입업자.커피납품하는 영업.배송사원,커피만들어 팔고 거기서 알바하는 사람들만 무시한거ㅋㅋㅋ지가 입는 옷 원가 공개도 못함",negative,0.017323613166809082
2025-05-20 09:57:58,Skt IMEI도 털렷다는데..,negative,0.22327876091003418
2025-05-20 09:47:38,SKT 아닌데 왤케 요즘 피싱 문자가 많지,positive,0.9009470343589783
2025-05-20 09:44:24,SKT 반드시 갈아타겠다는 일념으로 결막결석 떼고 한쪽눈 안대한 채로 편의점 4-5군데를 돌아다니며 알뜰폰 유심 사왔다 내일은 해지한다 반드시,negative,0.09808439016342163
2025-05-20 09:34:51,알바몬도 털린 거 확인하고 십만원을 주는데 . . .skt 니네는 머하냐 . . .,negative,0.04642605781555176
2025-05-20 09:29:55,허..가족 skt쓰는데 머리아프네요,negative,0.15033364295959473
2025-05-20 09:27:48,"계엄령 선포되자 귀신같이 SKT 해킹 멈춰버림
과연 스카이데일리 선관위 연수원 체포설 보도기자는 왜 구속?
그날밤 연수원에서 뭘 하고 있던 것일까",negative,0.1520969271659851
2025-05-20 09:25:20,"이미 23년에 KT,LG 둘 다 개인정보 털렸었고, skt 악성코드가 3년전부터 심겨져 있었다니까 그때부터 털렸던건데, 이제서야 발견한게 아닌지...
세 통신사 다 똑같음.
국내 통신사끼리 나눠먹기하느라 경쟁도 안하나 봄.
skt뿐만 아니라 다른 통신사들도 유심 무료교체 해줘라.",negative,0.1568140983581543
2025-05-20 09:23:36,헐 SKT에다가 토스 쓰는데..... 폰 바꾼지 얼마 안되엇는데......... 큰일났어요 .,positive,0.7364991903305054
2025-05-20 09:18:59,"SKT 해킹 개인정보 유출 혹은, 
그 동안 QR코드로 된 우리 투표 결과와 정치 성향이 비밀 보장 안 되었다는 거겠네요.
저게 설득이겠습니까.. 협박이지.. 안 찍으면 죽여?
진짜 무섭네.",negative,0.1031789779663086
2025-05-20 09:18:22,"그럼에도 불구하고 내가 보기엔 SKT가 적어도 KT보단 훨씬 낫다. 정말 좋아서 훨씬 낫다고 하는게 아니라 답이 없을 정도로 병신 같은 운영을 한건 사실인데 최소한의 양심(말그대로 최소한만)은 남아 있어서 뒤늦게라도 해킹 사실 밝히고 뭐 하나라도 조치를 취하고는 있으니까.
KT는 그런것도 없다.",negative,0.28707021474838257
2025-05-20 09:13:37,"SKT ""해킹 당할 위험 없어, 개인정보 안전하게 보호중""
=====> 3년 동안 해킹 당하고도 눈치조차 못챔 + 2700만명 유심 해킹 당함

SKT ""그외 개인정보 및 IMEI는 유출 가능성 없어""
=====> IMEI 서버 털린 것 확인, 개인정보는 진작에 유출

SKT ""복제폰 만들기 불가능, 피해 우려 없어""
=====> 과연?",negative,0.21074944734573364
2025-05-20 09:13:36,"SKT 해킹, ""왜 12월3일 이후 기록은 못 지웠나?""..비상계엄과 연관성 대두 

윤통 용산 대통령실 이전 후 22.6부터 시작된 중국정부 차원의 조직적 skt 해킹의 로그인 기록이 24.12.3 이후부터 4개월간만 남아 있다.
SKT해킹은 선관위.연수원과 연계된 사건일까?",negative,0.1490054726600647
2025-05-20 09:11:53,"저두 오늘 세번 전화가 오는대 모르는 번호더라구요~~~
할말있음 문자 남김 될텐데 집요하게 바로 벨소리 울리고 끊어져요~
보이스피싱이겠지요~~~
SKT 해킹피해가 슬슬 시작되는 느낌입니다~ㅜㅜ",negative,0.4076179265975952
2025-05-20 09:10:51,"skt 뭐 더 털렷다고 하는데 그러세요 그럼 상태임 ,, 내 폰 이나 제대로 쓸 수 있게 해주세요 헛짓거리 하지말고 ㅠ",negative,0.13391715288162231
2025-05-20 09:05:13,"- SKT 해킹 사건, 피해 규모와 IMEI 유출 가능성의 진실",negative,0.14975649118423462
2025-05-20 09:05:03,"진짜 고객정보(전화번호, 주민번호 등)가 들어있는 IMEI까지 털린 마당에 유심을 교체하는 것도 무의미... 그냥 SKT를 탈출해서 갈아타거나 기기를 바꾸는 것밖에는... 하... 빡대가리 **들...",negative,0.01148444414138794
2025-05-20 09:04:24,"대통령실 비화포 SKT?! 혹시, 여기서 유출된 녹취록 출처가?!",negative,0.2822842597961426
2025-05-20 08:58:52,걍 skt  12월 3일만 검색하면 줄줄이 나옴 본인이 직접 정보를 알아 보셔야 됩니다. 님 때문이 아니라 혹시라도 부정선거 여론 조작에 대해서 알아 보고 싶으실 중 부분이 있으실까봐 자료 남깁니다,positive,0.6841576099395752
2025-05-20 08:49:15,Skt해킹과 여론조작/부정선거 연루 가능성이 높아지고 있습니다. 계엄 또한 부정선거수사와 관련이 있을 가능성이 높구요. 여론 조작과 부정선거 또한 한 몸이죠.,positive,0.8464335203170776
2025-05-20 08:48:36,아니 나 1시간째 누워서 핸드폰으로 1시간짜리 유튜브 공포라디오 틀어놓고 로얄킹덤하고있어서  전화온적없는데 skt싸가지없는새끼들 부재중찍혀있네 개자식들 새폰만 오면 갈아탄다,negative,0.07154136896133423
2025-05-20 08:42:33,어디선가에서 훔쳐옴. skt 뭐하냐?,negative,0.044983088970184326
2025-05-20 08:39:57,신규가입 제한에 SKT 갤S25엣지 예약 ‘차질’,negative,0.05531787872314453
2025-05-20 08:36:36,뭔소리야 IMEI 도 털린 것 같은 마당에... 언제까지 눈가리고 아웅임. SKT는 사업자 자격 박탈 당해야함 정말. 위약금은 끝까지 안푸는 안하무인까지.,positive,0.6026334762573242
2025-05-20 08:34:18,"다른 건 몰라도 교통, 통신은 국가가 운영하는 게 어떨까. 민영화한 신분당선 정신나간 가격과 민자 고속고로 통행료, 그리고 SKT 생각하면.",negative,0.29989057779312134
2025-05-20 08:33:03,"바빴고 아파서 미루다 방금 바꿈 셀프 교체는 사실 이렇게 간단한걸ㅋ
근데 skt 스크 IMEI 고 뭐고 죄다 털렸다며 이것도 의미가 있냐 진짜ㅋㅋㅋㅋㅋㅋㅋㅋㅗㅗ 죽어라
다음달에 일단 고지서 받고(유심비용 안나오는거 확인하고) 번호이동한다",negative,0.1643000841140747
2025-05-20 08:32:05,skt를왜 민주당이 나서서 카바치는지 아는 사람?,negative,0.4444938898086548
2025-05-20 08:31:28,이영님두 skt 시군요 •••,positive,0.7643148899078369
2025-05-20 08:26:43,"국내 최대 이동통신사가 책임도 안지고 은폐와 거짓으로 일관하는데 
정부에서는 감싸며 축소하려고만 하고 총체적 난국속에 
국민의 개인정보는 전세계에 공용화되어가는데...

SKT 유출 사건, 1차 발표 번복했다… 단말기 정보인 IMEI 까지 유출되었을 수도 | 현 상황이 심각한 이유 | 그래도",negative,0.09971576929092407
2025-05-20 08:23:30,"재는 재로, SKT는 한국이동통신으로.",negative,0.08902603387832642
2025-05-20 08:21:44,문제는 현재 계약상 SKT로 들어온다는 ㅋㅋㅋㅋㅋ,negative,0.30844932794570923
2025-05-20 08:21:07,skt 유심 교체 하는 거 의미는 잇나요 하면 당장 할 수 잇나요,negative,0.19381052255630493
2025-05-20 08:20:56,"SKT 유심정보 유출 사태 한 달
내 개인 정보는 안전한가

#통화기록 #유심 #해킹 #민관조사단",negative,0.04915213584899902
2025-05-20 08:19:23,"뭔 시발 국가 안보 들먹이고 지랄이야
SKT 이 개새끼들 잔머리 존나게 굴리네",negative,0.040936946868896484
2025-05-20 08:16:00,"잊을라 했는데, 12.3이 거기서 왜 나와? 그거 부터 SKT 해킹 조사 위에 해명해 달라고 해 주셔...",positive,0.5212231278419495
2025-05-20 08:15:44,SKT는 책임지고 폰 바꿔줘라,negative,0.1536681056022644
2025-05-20 08:14:59,skt가 이지랄로 일하는데 나도 개지랄로 살아도되겠지 저러고도 꾸역꾸역 요금을 처.받아가시는데 나도 좀 더 당당하고 뻔뻔하게 살아야겟다^^*,negative,0.3081665635108948
2025-05-20 08:14:51,skt 갈수록 왜저럼..?;; 어휴..,negative,0.02369999885559082
2025-05-20 08:11:09,2022년??? 장난똥때리나 skt시발놈들아 돈내놔 고객 한 명당 200은 줘야지 폰 바꾸게,negative,0.2183811068534851
2025-05-20 08:10:00,너넨 뭐하니? 유심 갈러 왔니? 사복 형광구사대들아 거기서 뭐하니 SKT이용자니?,negative,0.05040687322616577
2025-05-20 08:08:27,"와 이거 무자게 설득력 있네. 중국 애들은 접선, 전달, 정보 선별 가격 메기기 아주 조직적으로 군사 기밀을 탈취해 가는 중인 데, 휴대폰 만 한 개좋은 게 없겠네.. 이란 걸 SKT 해킹처럼, 개인 정보 탈취해서 접근하면?!",negative,0.19579488039016724
2025-05-20 08:07:18,"짱깨새끼들 투표는 진짜ㅋㅋㅋ웃음밖에 안나온다
SKT 유심 사건도 이거랑 연관있는거같고
진짜 요즘 꼬롬한게 한두개가 아니네...",negative,0.3629034757614136
2025-05-20 08:00:01,"불법 복제폰 차단…SKT, FDS 보안 시스템 전면 업그레이드 [SKT 유심 해킹]
#SKT #유심해킹 #FDS #보안 #복제폰 #유심복제 #유심보호",negative,0.02708190679550171
2025-05-20 07:56:34,"이제서야 유심 교체 해주겠다는 SKT
의미가 있을까?",negative,0.14355790615081787
2025-05-20 07:56:19,"SKT 심각하네. 주진우까지 중국 배후를 들먹여? 
그라게 2020년부터 악성 코드를 깔아 놓고, 
개인정보를 다 털어가서 범죄에 이용할 수 있었는데, 
거의 이런 범죄 활동은 안하고 있다가 
12.3계엄 때까지의 로그인 기록을 삭제하고 
지난달 20일부터 활동 재개하다 딱 껄려? 
이건 절대 일반 해킹",negative,0.043248116970062256
2025-05-20 07:55:25,"이미 3년 전 SKT 서버 털렸다…""돈 아닐 수도"" 소름 돋는 목적",positive,0.5030574798583984
2025-05-20 07:54:48,아니 뭔일이여 SKT 사용자들 다 털리는거임?,negative,0.13653939962387085
2025-05-20 07:52:36,"""걱정할 필요 없어"" SKT 해명에...전문가들이 주목한 문제점",positive,0.6940467953681946
2025-05-20 07:49:07,울 엄마폰 열받아서 통신사와 폰 교체했다  이심도 언제올지 몰라 걱정하며 기다리다 걍 폰교체하면서 통신사 갈아탐 이번사태 대응이 넘 후져서 다신 skt 이용할일 없을듯,negative,0.06815290451049805
2025-05-20 07:46:11,이미 skt 땜에 다 털렷는데 이건 안털렷네,negative,0.032902657985687256
2025-05-20 07:44:46,SKT 예약하고 교체하러 오라는 문자 받고 갔는데도. 같은 기간 동안 교체대상인 사람들 한 트럭이라 대리점 가서 한 시간 기다림,negative,0.3321431279182434
2025-05-20 07:35:27,응 SKT때 다털려서 괜찮아~,positive,0.9224552512168884
2025-05-20 07:34:32,아녕하세요저는찐구독이이니다제가skt미친ㅅㄲ님들때뮨에해킹을당해스니다제트윗중에서멀쩡한건제가쓴거고이상한예를들면뫼르소료나같은건그가쓴겄이니다 살려주세요,positive,0.6760146617889404
2025-05-20 07:33:23,"ดิชั้นเริ่มซ้อมแล้วตอนนี้

ลองฟังเพลย์ลิสต์ 2025 태연 콘서트 세트리스트 TAEYEON CONCERT Setlist - The TENSE นี้สิ",positive,0.7132211923599243
2025-05-20 07:33:18,"출후 수시로 폰 교체. >
계엄령 시행후 선관위 중국인 범인 검거(그놈 발작하던 이유 크크크크간첩
들 다 잡혀 깄으니). >
범인들 다 잡혀가니 이제서야 skt해킹 기록 로그 삭제 안되서 걸림 크크크크

(이미지에서)

다시 공유",negative,0.06528931856155396
2025-05-20 07:31:02,나 SKT쓰는데 그냥 사람들한테 피해보상으로 돈 좀 줘라,negative,0.41014713048934937
2025-05-20 07:28:55,딘짜 폰 바꿔야하묘 skt  돈 주셈,negative,0.08300727605819702
2025-05-20 07:27:01,"SKT 해킹, ""왜 12월3일 이후 기록은 못 지웠나?""..비상계엄과 연관성 대두",negative,0.26859575510025024
2025-05-20 07:22:40,"Ep141. [대선의 주요 변수] SKT 유심 유출, 중국 해커가? 이재명 친중 부각되나?  출처",positive,0.523017942905426
2025-05-20 07:22:10,skt 사용 하셨군요,negative,0.1145743727684021
2025-05-20 07:19:13,"이번 SKT해킹,
2022년 6월~ 2024년 12월3일까지의 로그인 기록은 지워져있음. 
2024년 12월3일 이후부터 4달간의 해킹 기록은 그대로 남아있음. 이후에는 지우지 못한 기록인가?

이날은 윤석열 전 대통령이 계엄 선포로 수원 선관위 연수원에 계엄군을 파견했던 날이다.",negative,0.38061201572418213
2025-05-20 07:19:04,"근데 이건 skt가 해줘야하는거 아닌가
돈 달라는게 아니라 내 정보 유출여부라도 알려줘야하는거 아니냐고 아니면 가입자 100퍼 유출인거야??? 그건 아니잖아",negative,0.23100119829177856
2025-05-20 07:16:00,수사한다고 하니 진짜 수사하는줄 알더라~ 이러면서 뭉게겠지요~ 이번에 무조건 2번 찍어서 skt 텔레콤 위약금 처리도 해결해달라고 해댜 될것 같아요~ 근대 문수대통 되도 윤통때처럼 일이 많아서리 대통은 하셔야 하고 양 어깨는 무거운것 같고 짠해서 우리 무조건 6월3일 2찍하자구요,positive,0.5473226308822632
2025-05-20 07:13:08,SKT 냅두자는 얘기 아니구요 당연히 일벌백계 차원에서 존나 조져야한다는 겁니다 설명 자세히 안해주셔도 되어요...,negative,0.1865822672843933
2025-05-20 07:12:35,skt야 그냥 폰을 새로 살게 그 돈이나 보상해줘라,negative,0.10152792930603027
2025-05-20 07:07:11,Skt 문자왔는데 믿음이 안가는디,negative,0.13600897789001465
2025-05-20 07:06:50,"""SKT, FDS 있어 불법복제폰 불가능""···보안 전문가들 평가는?",negative,0.32406938076019287
2025-05-20 07:06:33,SKT 보다 낫네,negative,0.41553550958633423
2025-05-20 07:05:21,Skt 에서 kt 로 이동 성공,positive,0.642173707485199
2025-05-20 07:04:32,에라이 SKT,negative,0.08756721019744873
2025-05-20 07:01:55,"뭐 어느 유튜브 보니까 그래도 LG 유플러스와 SKT가 보안에 지출한 비용은 비슷하고, KT가 제일 높다던가 했던 것 같습니다.

고객 컴퓨터를 직접 해킹하는 기술력을 가진 회사라 그런진 몰라도 말이죠.",negative,0.43591105937957764
2025-05-20 07:01:07,"의문점. 
새 단말기로 바꾼다 해도 또 SKT 를 써도 될 것인가…",negative,0.24182265996932983
2025-05-20 07:01:01,얘넨 이렇게 보상이라도 해주는데 씨발 skt랑 디올은 대체 뭐함,negative,0.09026026725769043
2025-05-20 06:50:39,"SKT 공동소송완!!
[Web발신]
로피드법률사무소 입금확인 안내 
Gon님 안녕하세요. [로피드] SKT 유심 정보 유출 공동소송 담당팀입니다.

1. 입금확인안내

Gon님의 소송 비용 입금이 확인되어, SKT 유심 정보 유출 공동소송의 2차 소송인단으로 확정되셨음을 기쁜 마음으로 알려드립니다. 소중한",positive,0.9144764542579651
2025-05-20 06:49:01,Skt 유심 준비됏다고 오라는데 이걸바꿔도소용이없으니까 큿소다,negative,0.20413684844970703
2025-05-20 06:47:36,"SKT 로그기록,
24년 12월 3일~25년 4월 24일에만
기록 확인이 가능했다.

어?

비상계엄 날짜는 24년 12월 3일
SKT는 25년 4월 18일~4월 22일에
유심 털렸다고 발표했지?

그리고 SKT 중국 해커집단 소행이라며?

그리고 선관위에서 잡아갔다는 99명 쓴 허겸 기자는 왜 갑자기 구속영장이 청구돼?",negative,0.06255590915679932
2025-05-20 06:45:03,SKT 전 고객 유심정보 유출/ 단말기 식별번호 유출 가능성…유심보호서비스 무력화될수도/ 민관합동 2차조사 발표…불안 여전(민중이 깨어나야 나라가 바로 선다) (출처 : 인천한겨레.. |  블로그),negative,0.06227022409439087
2025-05-20 06:39:09,씨발 skt말고 차라리 이걸 털렸다면 좋았을텐데,negative,0.016538262367248535
2025-05-20 06:38:50,"skt인데 애들도 곧 오고 이참에 바꾸는
타이밍같은데… 생태계가 많이 다르려나… 똘고있어욥 ㅋㅋㅋ",positive,0.5197049975395203
2025-05-20 06:38:46,skt본사 ㅈ됏네 빨리 팀 매각좀ㄷㄷ G1 드가자,negative,0.28772085905075073
2025-05-20 06:38:22,SKT해킹 3년 전 시작…유심정보 모두 털렸다/ 민관합동조사단 2차 결과 발표(민중이 깨어나야 나라가 바로 선다) | 다음카페,positive,0.6631709337234497
2025-05-20 06:36:24,저는 이번에 KT로 옮겼는데 SKT는 5G 잡히는 척이라도 했는데 야는 진짜 5G 잡히는걸 본 적이 없네요 ㅋㅋ,positive,0.5632055997848511
2025-05-20 06:31:06,"경찰, 'SKT 해킹사태' 최태원 등 수사…고발인 소환조사",negative,0.1399439573287964
2025-05-20 06:27:24,유심 털렸는데 이건 왜 안 털리지 SKT는 1년 동안 기다리고 보상도 안해주는데 내 네이버 페이 10만원 ㅅㅂ...,negative,0.13497906923294067
2025-05-20 06:24:50,"폰내놔
skt줘팸",positive,0.7207540273666382
2025-05-20 06:24:36,안지겹ㄴㅑ? Skt 해킹을 선거조작에 연관짓네? 뭔 신박한개소리를 하냐 대체..,negative,0.01603829860687256
2025-05-20 06:21:31,"뉴스핌 이 시각 PICK

3단계 스트레스DSR 7월 시행…6천만원  벌어도 대출 줄어든다


국민의힘, 배우자 TV 토론 제안…민주·개혁신당 '황당' 반응


이재명, SKT 개인정보 유출 두고 ""기업, 상응하는 책임져야""",negative,0.045892536640167236
2025-05-20 06:20:20,"기업은 노조 탓하면서 실제로 어떤 피해를 입었는지도 모르지만, 이렇게 무지성으로 노동자/고객에게 손배청구 해도 되고 skt처럼 지들이 사고 왕창 쳐놓고 나몰라라 하면서 웅앵거리면서 손놓고 있어도 되는 기업하기 ㅅㅂ 좋은 나라네.",negative,0.1749955415725708
2025-05-20 06:18:13,SKT 전국민 절반이상이  털렸으면 주민번호 한번 교체해야 하는거 아닌가??,negative,0.27476000785827637
2025-05-20 06:15:12,"주진우 의원, SKT 해킹에 “이재명 중국 눈치” | 프리덤조선",positive,0.5633757710456848
2025-05-20 06:14:25,"SKT 해킹, ""왜 12월3일 이후 기록은 못 지웠나?""..비상계엄과 연관성 대두 

청와대 비화폰이 sk였다하던데

윤통이
sk친중인사로 관료 꾸렸었고

도대체
sk나
석유공사도

친중안섞은 곳 찾기 힘들다",negative,0.029865682125091553
2025-05-20 06:14:20,그랬으면 skt 해킹에서도 자유로웠을텐데ㅠ,negative,0.3311019539833069
2025-05-20 06:14:09,네. 알고 계셨어요. 그리고 선관위 중국인 해커가 Skt해킹이랑 연관이 있네요,positive,0.6874939203262329
2025-05-20 06:13:12,사실상 skt가 휴대폰을 공짜로 해준다고 해도... 그냥 통신사를 이전하고 말지...,negative,0.15021300315856934
2025-05-20 06:10:55,"22년...저 시기에 딱 SKT쓰던 시기라 아오 어캄;;상태됨
지금이야 폰도 바꾸고 통신사도 달라지긴했는데, 해지한고객정보를 과연 저녀석들이 제대로 관리했을까? 짜증나...",negative,0.06573289632797241
2025-05-20 06:08:49,SKT 쓰고있는데 통신사 바꿔야하나 ㅠ 뭔 놈의 서버에 악성코드가 저렇게 많아..,negative,0.13507050275802612
2025-05-20 06:08:49,"만약

SKT가 아니고

SST였으면 문 닫았을것 같음.

어째 조용하니 집단소송 얘기도 없고...

이건은 파면 팔수록 그쪽과 연결될듯.

빅 브라더가 조용히 하래?",negative,0.040696561336517334
2025-05-20 06:07:15,SKT 해킹은 중국정부가 맞네.,negative,0.24302631616592407
2025-05-20 06:05:47,알바몬도 털려 스팀도 털려 SKT도 털려 이정도면 지구 반대편 가도 나 알아봐야 하는 거 아니냐,negative,0.04696589708328247
2025-05-20 06:05:02,드디어 SKT 유심 교체하고 왔는데 분이 안풀려서 위약금이고 뭐고 다 갈아타? 하고 집인터넷 할인반환금 얼만지 뒤져보고왔더니 71만원 나옴 ㅅㅂ!,negative,0.32348763942718506
2025-05-20 06:01:58,"SKT 좆같은 씨발것들아
보상이나 해 씨발",negative,0.08847576379776001
2025-05-20 06:00:32,망할놈에 SKT!! 수십년을 썼는데 갈아타야하나 ㅠㅠ,positive,0.7580080032348633
2025-05-20 05:59:05,"SKT 해킹 2차 조사 결과
조사할수록 더 심각함..",negative,0.13003027439117432
2025-05-20 05:58:09,SKT 해킹 관련 민관합동조사단 2차 발표 요약,negative,0.10271739959716797
2025-05-20 05:56:58,SKT유출 이미 3년 전에 다 털렸다구요..? 뭐 내가 할 수 있는 것도 없고...그러세요 그럼 뚜벅뚜벅,negative,0.10128724575042725
2025-05-20 05:55:28,"KT 주가, SKT 넘어…1998년 상장 후 처음 (출처 : 헤럴드경제 | 네이버 뉴스)",negative,0.4045780301094055
2025-05-20 05:52:19,"3년전 중국에게 해킹당한 SKT
그즈음 모당 대선후보 경선에서 온라인.....",negative,0.2541261315345764
2025-05-20 05:49:44,30년에 가까웠던 SKT와의 악연을 끝내기 위해서라면야,negative,0.4957309365272522
2025-05-20 05:49:37,"경찰, 21일 유영상 SKT 대표이사 업무상 배임 혐의 고발인 조사 예정
SKT, 정보보호투자비 감액하여 관리 등한시
24시간 이내 유관 기관 신고 기준에 대해서 최초 감지 시간과 유출 사실 확정 시간으로 나뉘어",negative,0.037913501262664795
2025-05-20 05:49:22,"아 skt그지같은거
롯데온 회원가입하려는데 패스인증이 안되잖아 씨발거",negative,0.14895117282867432
2025-05-20 05:48:41,이게 티원말고 skt도 되는 짤이라고?,negative,0.18684589862823486
2025-05-20 05:48:38,SKT 쓰는사람들 어캄....,negative,0.24704515933990479
2025-05-20 05:48:33,"Ep141. [대선의 주요 변수] SKT 유심 유출, 중국 해커가? 이재명 친중 부각되나?  출처",positive,0.5230178236961365
2025-05-20 05:48:09,이젠 SKT해킹과 저걸 엮고 있는 그들..,negative,0.4723758101463318
2025-05-20 05:45:30,"대륜은  SKT가 이용자 정보 관리를 소홀히 했다며 유 대표 등을 업무상 배임과 위계 공무집행 방해 등의 혐의로 고발했다.
서민민생대책위원회는  최 회장 등이 해킹 사실을 알고도 신고를 지연해 개인정보보호법과 정보통신망법 등을 위반했다며 경찰에 고발했다.",negative,0.09546124935150146
2025-05-20 05:44:41,"SK텔레콤이 지난 18일 비정상인증차단시스템(FDS)을 고도화해 불법 #복제폰 접근까지 차단하는 기술을 통신망에 적용했다. 

#SK텔레콤 #SKT #SK해킹 #SK텔레콤해킹 #유심교체 #esim #sk유심

더보기 IT Times:",negative,0.05207693576812744
2025-05-20 05:40:47,"이미 3년 전 SKT 서버 털렸다…""돈 아닐 수도"" 소름 돋는 목적 / SBS 8뉴스  출처",negative,0.45407623052597046
2025-05-20 05:38:34,"나 오십대인데 내 주변에 누가 호감을 가지고 있다는건지? 
skt의 유령폰인가 보네... ㅋㅋㅋ",positive,0.714267373085022
2025-05-20 05:37:29,"왜 12월3일 이후 기록은 못지웠나?  
SKT 고객유심정보 해킹 유출이
중공 해커 세력과 연관이 있을 개연성이 갈수록 높아지고 있다.
선관위 서버 해킹 불가하다고 주장하던 선관위원장과 천대엽!

진실은? 뻥뻥 뚤렸다.

2600만 SKT가입자는 종중 민주당 심판해라!",positive,0.6419167518615723
2025-05-20 05:36:17,Skt 조만간 청문회 또 불려가서 개같이 털리겠구만 ㅋㅋㅋㅋㅋㅋㅋㅋ,positive,0.6333056688308716
2025-05-20 05:35:42,SKT 해킹 시작 시점과 정치적 관계가 참 흥미롭군,positive,0.9289777874946594
2025-05-20 05:34:13,"SK텔레콤 해킹에 따른 개인 정보 유출 불안감이 커지고 있습니다. SKT가 대책을 내놨습니다. 안심할만한지 한번 살펴볼까요?

#SKT #유심교체",negative,0.08413821458816528
2025-05-20 05:33:00,저거 skt해킹으로 인한 선관위99명 이 스믈스믈 올라오니까 막으려고 언론보도한겁니다. 저 기사를 클릭해보시면 캡틴아메리카로 프레임 유도하고있습니다.,positive,0.5115516781806946
2025-05-20 05:32:53,skt야 나 갤럭시 S26 울트라로 바꿔줘,negative,0.497128427028656
2025-05-20 05:32:04,"우리아빠는 카톡,인터넷뱅킹 다 안하는데 skt 충성고객이라는 이유로 정보 다 털렸네",negative,0.29221516847610474
2025-05-20 05:29:45,ㅎㅎ 나는 skt 장기고객ㅋ 우리가족 전부다ㅎㅎㅎㅎ 근데 아무생각없음,positive,0.9557898640632629
2025-05-20 05:29:29,skt때문에 내가 미쳐…,positive,0.5429717898368835
2025-05-20 05:29:27,얘들은 skt 사용자들한테 돈 1억씩 줘야한다,negative,0.14479005336761475
2025-05-20 05:29:23,"SKT 해킹, ""왜 12월3일에 끊겼나?""...",negative,0.28940731287002563
2025-05-20 05:28:02,SK텔레콤(SKT)이 해킹 사태와 관련해 경찰이 본격적인 수사에 착수했다,negative,0.49319255352020264
2025-05-20 05:25:39,SKT 개씨발롬의새끼들아,positive,0.5557309985160828
2025-05-20 05:20:30,"[21세기 영어교육연구회 - 일반 회원...] BAND :: SKT, 3년간 악성코드 몰랐다… 정부 ＂정보 유출돼도 복제폰 불가능＂
출처 : 21세기 ...",negative,0.26674318313598633
2025-05-20 05:18:44,"SKT, 3년간 악성코드 몰랐다… 정부 ＂정보 유출돼도 복제폰 불가능＂ (출처 : 21세기 영.. |  블로그)",negative,0.19558638334274292
2025-05-20 05:18:37,통신사 털린거 더잇다는 거 보고요ㅋㅋㅠㅠskt써서,negative,0.23607546091079712
2025-05-20 05:18:09,"[제2편] 중국은 준비완료, 이재명은 안절부절, 수상한 SKT  -",negative,0.20566588640213013
2025-05-20 05:16:43,"- SKT 유심 해킹 사건, 추가 악성코드 발견에도 불구하고 영업 재개는 가능할까?",negative,0.38272392749786377
2025-05-20 05:16:03,아 스트레스 받아 시발 skt고 뭐고 대기업이란것들이 해킹 하나 못막고 지들이 개인정보 넘기질않나 뭐하자는거지,negative,0.06084334850311279
2025-05-20 05:15:55,"SKT 유심교체, 아직도 몰라서 안 해? 해킹에 노출되면 내 번호가 털릴 수도…
5분이면 끝나는 온라인 신청
직접 안 가도 OK!
지금 바로 안 하면 진짜 후회합니다!
#SKT유심 #유심교체 #해킹방지 #빠른신청",negative,0.046204209327697754
2025-05-20 05:15:12,통신비 납부 거부운동 해야합니다 피해 복구 확실해질때까지 돈 받을 생각을 skt가 하면 안되지요,negative,0.015457332134246826
2025-05-20 05:14:31,"SKT 해킹사태에 내 정보도 노출됐다고 아직도 유심 안 바꾸셨나요? 
해커는 오늘도 당신 번호를 노리고 있어요…
5분이면 끝! 온라인 유심 교체로 내 정보 지키자!
안 하면 나중에 후회합니다
#유심교체 #개인정보보호 #SKT해킹",negative,0.06765282154083252
2025-05-20 05:13:05,...어차피 skt때매 다 털렸는데 알바몬에서도 좀 털어가지(;;; 내 십마넌,negative,0.16136205196380615
2025-05-20 05:05:04,"SKT 해킹, ""왜 12월3일 이후 기록은 못 지웠나?""..비상계엄과 연관성 대두",negative,0.26859593391418457
2025-05-20 05:01:27,SKT에 관여한 해커들은 2024년 12월3일까지만 활동을 하고 그 이후에는 무슨 연유에서인지 활동에 제한이 있었던 것으로 보여진다.,negative,0.16062313318252563
2025-05-20 05:01:03,"SKT 해킹, ""왜 12월3일 이후 기록은 못 지웠나?""..비상계엄과 연관성 대두

단순한 금전 목적이 아닌, 한국 사회의 핵심 인프라를 겨냥한 조직적이고 장기적인 사이버 공격",negative,0.1372658610343933
2025-05-20 04:59:55,"이렇게 되면 둘 중 하나임. 또 흐지부지 끝나서 Skt가 병크 저질러도 사람들이 소송 안 걸거나 패소로 끝나서 Skt는 또 수명이 연장 되거나, 아니면 진짜로 작정하고 사람들이 대규모로 뭉쳐서 소송 걸고 승소 하거나. 근데 10년 전에도 같은 일이 있었던걸 보면 승소 할 지는 솔직히 잘 모르겠음.",negative,0.38870537281036377
2025-05-20 04:55:48,아오 skt 넘어간지 이제 한 5달 됐는데 이런 일이.. ##,positive,0.824392557144165
2025-05-20 04:54:05,SKT해킹과 탄핵 분명히 연결되어있음. 이건 계속 공론화할 필요가 있을것 같습니다.,positive,0.5388795137405396
2025-05-20 04:53:36,"#유심재설정
 유심 재설정 vs 교체 vs eSIM
차이점만 딱 정리함 
 재설정: 기존 유심 그대로, 정보만 리셋
 교체: 실물 유심 교환, 보안 ↑ 앱 재설정 필요
 eSIM: 실물 없이 개통, 복제 불가 + 분실 無
자세한 방법은",negative,0.007953882217407227
2025-05-20 04:52:58,"SKT가 큰일해따ㅎㅎ 
개인정보 나가리 되니까 뭐라도 해야할거같고 그렇지-_-;",negative,0.11100399494171143
2025-05-20 04:52:40,"타임라인
1. 2022년 6월 지방선거 중국 해커 SKT 백도어 설치
2. 2024년 11월 트럼프 당선확인 후
3. 2024년 12월 3일 계엄선포 - 중국해커30명 압송
4. 2025년 4월 탄핵
5. 2025년 4월 19 SKT 해킹 유출
2022년 6월부터 2024년 12월3일까지 데이터 사라짐",negative,0.03449821472167969
2025-05-20 04:52:24,"이미 정보란 정보는 다 털린 것.
소비자는 이미 지킬 것도 없다.
그냥 SKT와는 소송으로 보상, 배상 받는거고.
중고 장비, 기술로 시스템 갖추고 재정비할 바엔
새업체를 허가해주는 게 소비자에게도 득이다.",negative,0.21130377054214478
2025-05-20 04:51:31,"SKT, 개인정보 담긴 서버도 해킹당했다

유출01 (0.3941)
정보06 (0.3307)
조사30 (0.2941)
서버02 (0.2820)
개인02 (0.2489)
악성01 (0.2281)
유심01 (0.2112)
코드02 (0.1903)
확인02 (0.1607)
가능 (0.1559)",negative,0.037323176860809326
2025-05-20 04:47:31,아씨발 skt가 내 정보 팔아먹어서 자꾸 스팸문자 오네 개자식들아,negative,0.1701892614364624
2025-05-20 04:47:24,그거 SKT 가 단독으로 한다던데여?? ㅋㅋㅋㅋㅋㅋㅋㅋㅋㅋ,negative,0.4480780363082886
2025-05-20 04:46:59,제가보기에는 skt해킹사태로 다시 선관위99명주장이 올라오니까 그걸 막기위해서 뉴스가 재생산되는것 같습니다,positive,0.631889820098877
2025-05-20 04:44:38,반동결 걸어야 하나... SKT 상황 더 심각한데...,negative,0.05145525932312012
2025-05-20 04:43:58,지금 상황: 토쿠노고 뭐고 나 SKT인데 뭐 어떡하라고 끼발,negative,0.15647464990615845
2025-05-20 04:43:46,SKT를 쓴지 6년째... 그러나 이젠 끝을 봐야된다,negative,0.10282528400421143
2025-05-20 04:43:33,SKT 유심 교체 9%뿐…e심으로 바꾸면 괜찮을까? [경제콘서트] / KBS  2025.05.19.  - 박대기 기자님 감사합니다!,positive,0.8053709864616394
2025-05-20 04:37:26,저도 skt-> kt e-sim으로 옮겼는데 이게 왜 안 좋은가요? ?!?!?,negative,0.3031032085418701
2025-05-20 04:35:38,"근데 누굴 지지하던 간에 저건 주민등록증을 새로 발급해야하는게 맞음..;
않그러면 진짜 다 털리고 심지어 내 주변에서 통신 관련 일 하시는 분도 skt쓰면 주민등록증 새로 발급하라고 하는데.. 뭔 누굴 지지하느냐에 따라서 발급하라느니 말라느니를 따지고 있음..;;",negative,0.28846895694732666
2025-05-20 04:33:46,skt 빨리 폰 바꿔줘라 스벌,negative,0.12593954801559448
2025-05-20 04:33:20,Skt가 전원에게 새 폰을 지급하고 파산한뒤 공기업으로 들어갑시다 ...,negative,0.2695651054382324
2025-05-20 04:32:58,"skt에서 kt로 옮겼어요...
직원분의 추천에 e-sim으로 바꿨는데 이게 안 좋다는 소식도 들었어요...

불미스러운 나날의 다이어리",negative,0.01899796724319458
2025-05-20 04:32:20,"SKT 해킹 사태의 전말에 대한 소설
가능한 스토리 인가요? 전문가의 의견은 어떨까요? 
#SKT #HACKING #RESETKOREA",positive,0.5717192888259888
2025-05-20 04:30:46,"'SKT 침해사고 2차 발표' 감염 서버 등 확인…""정부 차원의 대응책도 강구해 나갈 것""  
#과학기술정보통신부
#조사단
#SKT침해사고조사결과2차발표
#감염서버23대확인
#악성코드25종확인
#BPFDoor
#다른악성코드감염확인
#전체서버점검착수
#개인정보일정기간임시관리",negative,0.04123431444168091
2025-05-20 04:28:38,SKT 일일 유심 교체 물량 2배 급증…추가 유출 가능성 여파(종합) #뉴스1,negative,0.15697216987609863
2025-05-20 04:25:09,"고든창 글, 시바꺼 글, 해킹대회,
빌 클린턴 방한, MBK 뉴스, SKT 뉴스, 
트럼프 글과 클린턴 관련 과거 뉴스,
미국 연예인과 민주당 대선 커넥션,
윤통의 아크로 입주시 발언과 당당함. 
김문수 후보 지난주 발언...
어! 뭐지? 뭔가 진짜 큰게 오나???",negative,0.08987927436828613
2025-05-20 04:25:09,그니까 ㅅㅂ 나도임 이미 skt라 다털렸는데,positive,0.6098442077636719
2025-05-20 04:24:27,"주민등록증 재발급 비용은??
사고는 skt기 치고
수습은 국민들 시간과 세금으로 하는거자나. 
너무 코리아적 무브

원트분 저격아님.",negative,0.016888439655303955
2025-05-20 04:22:25,“SKT 전 가입자 정보 유출”…‘복제 폰’ 가능성은? / KBS  2025.05.20.  -,negative,0.1736598014831543
2025-05-20 04:20:52,"Skt는뭐지요
씨발",negative,0.0788831114768982
2025-05-20 04:20:16,"skt집단소송에 나도 참여했다
아오",positive,0.5101890563964844
2025-05-20 04:19:17,Skt뭐하냐시발?,negative,0.02728360891342163
2025-05-20 04:19:07,"2찍들은 좀 하나만해라 ㅋㅋㅋㅋㅋ
부정선거 안 믿으면서 skt 털린건 믿냐고 그렇게 비난하더니",positive,0.5870367288589478
2025-05-20 04:17:34,하 ㅅㅂ 그래서 어쩌라고 SKT,negative,0.2363448143005371
2025-05-20 04:13:31,"정규재.진절머리 나는 국힘. #정규재 #한덕수 #국민의힘 - YouTube - 
SKT 탈탈 털리는 동안 ""여기는 오히려 막았다""… '2천억' 지켜낸 가입자들 '환호성' - 리포테라 -",negative,0.2205120325088501
2025-05-20 04:12:03,skt소송 나도 참여할까 걍 ...,negative,0.38292068243026733
2025-05-20 04:11:00,"기분이다 
대통령 선거 공약에 skt 관련공약 있으면 뽑아준다!",negative,0.48345398902893066
2025-05-20 04:10:27,"SKT에 정보도 털렸겠다 주민등록증 재발급하는 김에 기억하기 좋은 날짜로 해볼까 하고 2025.05.25에 신청해보려고 했는데, 일요일이라 안되네.",negative,0.2658538222312927
2025-05-20 04:10:19,"SKT 해킹, 3년전 시작…""국가 사이버전쟁 의심"" SKT 해킹, 3년전 시작…""국가 사이버전쟁 의심"" - 결국은 이렇게 드러나는군요.",negative,0.15700185298919678
2025-05-20 04:07:59,"Skt사건도 결국 짱깨들이 연관되었을 가능 99.99%

SKT 3년 전부터 해킹… 全가입자 유심 털렸다",negative,0.23226100206375122
2025-05-20 04:06:48,억지로 시간내서 유심 바꾸러 갓는데 대리점이 너무너무~ 싸가지없고 불친절해서 skt는 걍 죽든지 아니면 대리점 교육 좀 다시 시켜야될듯,negative,0.15878385305404663
2025-05-20 04:03:24,"이번에는 알바몬 개인정보 유출 SKT USIM 해킹으로 인한 개인정보 유출건보다는 적지만
이력서를 작성하고 하는 곳이기에 그래도 많은 개인정보들일 있고

사용하신 분들이 꽤 많을테니까 꼭 확인해보세요.

보상안도 있다고 하네요 !

 보상안
네이버페이 10만원
요기요 상품권",negative,0.15624696016311646
2025-05-20 04:02:56,SKT 정신적 피해보상이랑해서 500만원만 주세요.,negative,0.055082738399505615
2025-05-20 04:02:34,<Origin 통신> 3년 전 SKT에 침입 성공한 해커…무엇 노렸을까,negative,0.2135004997253418
2025-05-20 04:02:32,"학생증, 공무원증, 모바일 주민등록증, 모바일 운전면허증 등 죄다 투표 신분증으로 인정해서 부정선거 활용하려고 발악중. SKT 유심해킹도 부정선거 활용 목적일듯 함",negative,0.008441567420959473
2025-05-20 04:02:02,기기할부 2백만원 남았는데!!! skt ㅅㅅ끼들,negative,0.25782519578933716
2025-05-20 03:59:46,SKT 공공와파랑 멤버쉽 혜택 좋은 편이라 3사 중엔 그나마 제일 낫다는 인상이었는데 진짜 최악이네... 걍 가라,negative,0.004216134548187256
2025-05-20 03:59:25,"SKT, IMEI 유출 우려에…'복제폰 원천 차단 기술' 가동",negative,0.21049249172210693
2025-05-20 03:57:19,이쯤되면 skt가 저희는 구제불능인것같습니다 회사 문닫겠습니다 해야하는거 아닌가,negative,0.39330774545669556
2025-05-20 03:55:24,Skt 그래서 어케해야댐?ㅜㅜ 유심은 바꿨는데 기계랑 번호도 바꿔야 한다는거야 뭐야,negative,0.032154083251953125
2025-05-20 03:54:26,"SKT 13년 호구 탈출!^^! 
해외에 살 때 빼곤 쭉 온가족 다 SKT였는데 하는 이번에 터진 사건들 대처하는 꼬라지 보니 다시 볼일 없을듯",positive,0.8524006009101868
2025-05-20 03:54:14,"이쯤되면 skt걍 우리보고 투표하지 말란 거아냐?ㅡ
민증~선거 시기 이슈 보면서 느낌 ;;",negative,0.06131482124328613
2025-05-20 03:53:38,"SKT 해킹, ""왜 12월3일 이후 기록은 못지웠
나?""..비상계엄과 연관성 대두
-
단순한 금전 목적이 아닌, 한국 사회의 핵심 인
프라를 겨냥한 조직적이고 장기적인 사이버 공격

SK텔레콤 유심 정보 해킹 사건의 배후로 중국
정부의 지원을 받는 해커 집단이 강하게 지목되
고 있는 가운데 세부적인 해킹",negative,0.18164902925491333
2025-05-20 03:52:03,Skt는 100만원씩 주라고 빨리,negative,0.06623506546020508
2025-05-20 03:47:37,저도 집이고 가게고 가족 전부 다 skt써서..넘어갈수가 x..진짜 열받아,negative,0.20285630226135254
2025-05-20 03:46:12,"SKT 해킹, ""왜 12월3일 이후 기록은 못지웠나?""..비상계엄과 연관성 대두",negative,0.2912660837173462
2025-05-20 03:44:58,"뭐냐 뭐야 궁금해 죽겄다.    5월의 조용한 인천 상륙작전은 시작된거 같은데... 어휴 궁금하다. 분명 화웨이 skt 선관이 해킹 계엄 선관위 간첩  마약 윤통 ""이기고 온거나 마찬 가지에요"" 김용현 장관님의 ""윤어게인"" ""리셋코리아"" ""인천상륙작전"" 점들을 연결해줘 똑똑한 엑친들 ... connect",negative,0.029768705368041992
2025-05-20 03:44:53,"SKT ""유심복제, 100% 차단 가능... 금융 피해 가능성 적어""",negative,0.11945849657058716
2025-05-20 03:44:52,"과기부, SKT 침해사고 2차 조사결과 발표 23대 서버 감염 확인 (출처 : 시사상조신.. |  블로그)",negative,0.17424237728118896
2025-05-20 03:40:39,SKT는 책임지고 가입자 폰 교체 무상지원해라,negative,0.26796746253967285
2025-05-20 03:40:07,대기업 회장도 해킹때문에 고발당하네 근데 sm은 왜 봐줘?명백한 범죄자들인데 skt는 피해자입장인데도 고발당했는데,negative,0.39042961597442627
2025-05-20 03:37:26,skt쓰는 트친들 혹시 유심교체만 햇나요 아님 폰 교체도 햇나요..,negative,0.1692042350769043
2025-05-20 03:32:23,skt쓰는 트친들.. 다들 유심교체만 햇나요 아님 폰교체도 햇나요,negative,0.14563113451004028
2025-05-20 03:30:48,"SKT 해킹 로그 기록이 12월2일까지만 지워져 있다는건 선관위 지하실이 해킹 본부라는이야기아니여?
아님말고 civa^^",positive,0.8255278468132019
2025-05-20 03:30:21,"중국 해커집단이 빼내간 SKT
정보를 사전투표 부정선거에
사용할 것이다 
사전투표 NO ! 
당일투표 YES!",negative,0.1528463363647461
2025-05-20 03:25:09,skt 유심 관련 그냥 가만히있었는데 방금 갑자기 먼 생명보험에서 번호 등록되더니 신용정보 조회했다 그래서 부모님한테 혹시 보험 뭐 하셨냐 했더니 전혀 아는 바가 없으셔서 유출탓인가 대출받으려 그러나 개쫄아서 고객센터 전화함,positive,0.534620463848114
2025-05-20 03:24:28,SKT 피해 규모 훨씬 커졌다…'복제폰 핵심' IMEI 유출 가능성도 (출처 : JTBC | 네이버 뉴스),negative,0.23218172788619995
2025-05-20 03:24:22,skt 진짜 다시는 안써,negative,0.04657858610153198
2025-05-20 03:24:08,작년에 폰바껗는데 망할skt,negative,0.12594103813171387
2025-05-20 03:22:22,SKT 12.3일부터 로그기록 남은건 좀 헐리우드같노,negative,0.2619944214820862
2025-05-20 03:21:48,"전날(19일) KT는 5만 2000원에 마감하며, SKT 주가 5만 1200원 보다 높은 종가로 마감했습니다. KT주가가 SKT를 앞지른 건 1998년 상장 이후 처음입니다.

KT 시가총액(약 13조원)은 지난 2월 22년 만에 SKT 시가총액(약 11조원)을 넘어섰습니다. KT는 올해만 24.07％ 상승 중입니다.",negative,0.4580947756767273
2025-05-20 03:21:37,"이재명 ""SKT, 개인정보 보호 실패에 상응하는 책임져야"" (다음출처 YTN)
SK텔레콤 해킹 사태를 두고, 해당 기업이 상응하는 책임을 충분히 지고 다시는 그런 대형 사고가 발생하지 않게 대비 장치를 해야 한다고 밝혔습니다.",negative,0.39940017461776733
2025-05-20 03:20:19,SKT 해킹 로그가 12.3일부터 남아있던 이유는 무엇일까? 왜 그게 보도된 다음날 스데 허겸기자에 대해 구속영장이 신청됐을까? 그냥 단순히 우.연. 인거겠지?,negative,0.05574238300323486
2025-05-20 03:16:29,SKT씝할새끼들아!!!!!!!!!!!!!!!!!,positive,0.9168283343315125
2025-05-20 03:16:17,SKT버리고 옮겼다가 오히려 SKT는 이후로 대비 탄탄하게 바꾸고 나머지가 차례로 같이 털릴까봐 바꾸지도 못함,positive,0.7986894845962524
2025-05-20 03:15:21,"SKT에 들어있던 악성코드, 어떻게 여기에 있었을까???

범죄자 해커가 아닐 가능성.. 
:: 국가 기관이 배후인 해킹 그룹.  국가 소속 해커

+ 내부자의 도움

2025.05.02 Normaltic Place
#유심대란 
#SKT해킹사태 
#BPFdoor
#중국공산당
#중국해커",negative,0.2513788342475891
2025-05-20 03:12:39,"SK텔레콤 해킹 사태와 관련해 단말기 식별번호(IMEI)까지 유출된 사실이 확인되면서 금융 범죄 우려도 지고 있다. 피해자들은 1인당 50만 원의 위자료를 청구하고 있으며, 변호인 측은 개인정보보호법상 입증 책임이 SKT에 있어 승소 가능성이 높다고 주장했다.",negative,0.46401292085647583
2025-05-20 03:11:01,"과방위 ""SKT 사태, 누군가는 책임져야""⋯유상임 장관 사퇴 촉구 

""2022년 6월15일부터 사고 발견 시까지 약 3년간 방치⋯SKT 심각한 관리 부실""",negative,0.042470335960388184
2025-05-20 03:09:06,"SKT 해킹 사건 요약 정리
  - 비상계엄과 함께 도망친 해커들

 주요 내용
SK텔레콤(SKT)의 유심 정보 해킹 사건은 단순한 금전적 목적이 아닌, 한국의 핵심 인프라를 겨냥한 조직적·장기적 사이버 공격으로, 중국 정부 지원을 받는 해커 집단이 배후로 지목되고 있다. 이 사건은 국가 안보에",negative,0.20748943090438843
2025-05-20 03:08:53,"아 오늘 할 거 많네
점심 먹고
은행가고
skt 가서 유심도 바꾸고",negative,0.040367066860198975
2025-05-20 03:07:36,아좃됏다고 ㅅㅂ 폰바꿀돈없어서 알뜰폰으로 유심바꾼건데 skt 개새끼야,negative,0.19532406330108643
2025-05-20 03:06:15,SKT는 알바몬보다 가난한가봐,negative,0.23132604360580444
2025-05-20 03:03:43,"저도 skt 유심 해킹 때문인지
잘 안 오던 피싱 문자가 전화가 꾀 와서 모두 차단하고 
신고하고~ 정말 정신 똑 바로 차리고도 당한다고
피싱 방법이 우리 생각을 뛰어넘으니~
따님 맘이 얼마나 힘드실지 또한 힘든 딸 
바라보는 부모님은 어떠실지~힘내세요",positive,0.658107578754425
2025-05-20 03:03:38,알바몬보다도 못한 skt 새끼들,negative,0.01672351360321045
2025-05-20 03:02:16,skt만 쭉 쓰고 있었는데 진짜 통신사 갈아타면서 기변까지 해야하나 싶어진다 폰 약정 끝나가는데 이번엔 폰 좀 오래 쓸까 싶었는데 이렇게 기변 계기를 만들어주네? 하...,negative,0.27460038661956787
2025-05-20 02:56:44,"SKT 2차 발표 IMEI 복제폰 관련 내용  via #SKT #칩대신 #첩이다. 결국 초기부터 일부 전문가들의 우려가 현실. #IMEI 털리고 #3천만명 #개인정보 #유출
이러면 #유심보호서비스 개나발이고 다 #소용없는거다.",negative,0.02254551649093628
2025-05-20 02:56:29,근데 3년전부터 SKT 해킹이 시작된거면 3년전 가입자 정보도 위험한 거 아니야? (내 이야기,negative,0.4426553249359131
2025-05-20 02:55:17,"이미 3년 전 SKT 서버 털렸다…""돈 아닐 수도"" 소름 돋는 목적

악성코드는 2022년 6월15일 처음 침투한 것으로 확인

""로그 기록이 남아 있지 않은 24년 12월2일까지는
자료 유출 여부가 현재까지는 확인되지 않았습니다""

2025.05.19 SBS 뉴스
#정치적목적
#하이브리드전쟁",positive,0.5691404938697815
2025-05-20 02:52:02,skt뭐함,negative,0.03801846504211426
2025-05-20 02:51:50,"님들아 네이버에서 본인이 아닌 본인확인 알림이 오면 어떨꺼같애
skt 사용자한테만 보내는알람이라는데
내가 엘지알뜰폰이라면 어떨거같애",negative,0.2841947078704834
2025-05-20 02:51:04,"SKT 해킹조사 2차발표 보니까…

예전에 털린 임시파일에는 개인정보가 암호화도 안된 상태에서 평문으로 유출됐나본데…

이건 좀 많이 심각한데…

???

뭐 또 다른 서버도 털렸어? 

뭐래는거지?",negative,0.056762099266052246
2025-05-20 02:48:58,skt 내 기기 할부비 무효화 해줘라 ….:갈아타게 ….,negative,0.19006335735321045
2025-05-20 02:46:53,"SKT ""해킹사고 2차 피해 0건…유심 교체 누적 252만명""",negative,0.09553712606430054
2025-05-20 02:43:55,"skt 해킹과 윤카와의 관계. 

1. 계엄일 이후 로그기록 삭제 안 됨. 
왜?
해커들이 잡혀가서?

2. 해킹 시작 22년 6월
윤카 취임 22년 5월
(정부 비화폰은 SKT임)",negative,0.3128851056098938
2025-05-20 02:43:54,너도 skt니?,negative,0.15663647651672363
2025-05-20 02:41:16,"윤카가 청와대는 온통도청장치 되어있는지라 한남동으로 관사를 옮겼구요.도청이 불가해진 그놈들은 SKT해킹을 22년도에하였지요(비화폰이 SKT랍니다)
해킹작업을하던 선관위스파이들이 계엄날 잡혀갔는지라 12월3일부터 4월해킹때까지 로그인기록이 없는거죠.아귀가 소름끼치도록 맞네요
계엄은",positive,0.6564541459083557
2025-05-20 02:40:54,skt는 왜 이런거 안하냐; 더 대기업 아닌가,negative,0.4003562927246094
2025-05-20 02:38:35,그렇겠지 이미 테무틱톡skt뭐이것저것다털어가서이젠털것도없겠지,negative,0.2766569256782532
2025-05-20 02:37:53,미친것들인가 SKT????,negative,0.20404982566833496
2025-05-20 02:37:03,안그래도 데이터 다 썼는데 skt는 피해보상에 데이터 쿠폰을 포함시켜라,negative,0.34465712308883667
2025-05-20 02:35:04,생각할수록화나네알바몬은10만원주는데skt는뭐해이시발럼들아,negative,0.3984185457229614
2025-05-20 02:34:46,"12월3일 전후로 접속기록의 유무가 다르다?...SKT 해킹, ""왜 12월3일에 끊겼나?"" 의문..비상계엄과 연관성 대두",negative,0.22912949323654175
2025-05-20 02:33:43,skt 뭐해!!!!!,negative,0.051648497581481934
2025-05-20 02:29:36,어떤 의미로 skt 해킹 사태는 부정 선거의 또 다른 증거라고도 볼 수 있겠네,positive,0.5102596282958984
2025-05-20 02:29:11,"경찰, 'SKT 해킹 사태' 최태원·대표 등 고발사건 수사 착수",negative,0.12882786989212036
2025-05-20 02:28:23,Skt 시발아,negative,0.1611751914024353
2025-05-20 02:26:55,Skt 시발아 니들이 잘못햇는데 왜 내가 쌩돈 즈고 폰 바꿔야됨? 개새끼,negative,0.2920371890068054
2025-05-20 02:25:59,Skt 시발아 내 휴대폰 바꿔내러,negative,0.02318739891052246
2025-05-20 02:24:45,"윤카가 청와대는 온통도청장치 되어있는지라 한남동으로 관사를 옮겼구요.도청이 불가해진 그놈들은 SKT해킹을 22년도에하였지요(비화폰이 SKT랍니다)
해킹작업을하던 선관위스파이들이 계엄날 잡혀갔는지라 12월3일부터 4월해킹때까지 로그인기록이 없는거죠.아귀가 소름끼치도록 맞네요.계엄은",positive,0.6769126653671265
2025-05-20 02:21:17,"SKT, 사실상 전 가입자 유심 정보 털렸다


.
.

왜 유력 당선 후보라는 자가 이렇게 중차대한 사회적 문제에 대해 아닥하는 걸까? 저런 자가 대통령이 되면 #SK 같은 재벌들이 국민을 더 우습게 알 것 같은 느낌적 느낌.

#SKT #최태원 #이재명",positive,0.5964899063110352
2025-05-20 02:21:14,어우 열받아 skt,negative,0.08124369382858276
2025-05-20 02:21:06,"경찰, 'SKT 해킹 사태' 최태원·대표 등 고발사건 수사 착수",negative,0.12882786989212036
2025-05-20 02:20:51,"너무 투명한거 아니냐고..?!
#SKT #SKT해킹 #선관위 #선관위연수원",negative,0.12606173753738403
2025-05-20 02:19:14,"4 월 28 일 오전에 신청한 유심을 이제사 교체받음
대체 다른 분들은 언제 교체될지
진짜  2 브보다 더 나쁜 SKT",negative,0.2580651044845581
2025-05-20 02:17:17,SKT사태 5분 요약  via,negative,0.043092191219329834
2025-05-20 02:16:35,티링이랑 SKT 장사 같이 접어주십쇼,positive,0.5971664786338806
2025-05-20 02:16:25,"""여론조사 안심번호는 선거여론조사기관이 관할 선거여론조사심의위원회를 통해 이동통신사업자에게 제공받습니다. 선거여론조사심의위원회가 이동통신사업자에게 휴대전화 가상번호를 요청하고, 이동통신사업자는 이를 제공합니다.""

SKT 해킹으로 여론조사 조작이 가능한 이유.",negative,0.21912628412246704
2025-05-20 02:16:16,"SKT 해킹, 비상계엄 연관성",negative,0.19904911518096924
2025-05-20 02:14:34,SKT 십새기들 집단소송 신청함,negative,0.22644197940826416
2025-05-20 02:14:10,"SKT ""해킹사고 2차 피해 0건…유심 교체 누적 252만명""",negative,0.09553712606430054
2025-05-20 02:13:07,가족 4명 다 skt인데 육성으로 심한 욕이 나오네ㅜㅠ,negative,0.061122894287109375
2025-05-20 02:08:52,SKT에 우주패스라고 해서 유튜브 프리미엄이랑 상품 하나 고를 수 있는데 전 Btv 5천원 쿠폰 받아서 쓰고 있어요! 영화를 좋아해서 Btv 쿠폰이 유용하더라구요 ㅎ,positive,0.6990571618080139
2025-05-20 02:08:26,"그 SKT 관련해서 정보보안 분야에 발 담구고 있는 사람으로서 말씀 드리자면..

USIM + IMEI가 유출되었다는 것은

유심보호서비스는 의미가 없구요 (IMEI로 인증하는 방식 임) 

USIM 자체를 교체하시기 전에는 심 클로닝 공격이 얼마든지 가능합니다.

eSIM 지원 기기는 eSIM으로 빨리 교체하셔요",negative,0.12313151359558105
2025-05-20 02:07:57,[트럼프 한국상황 주시] 중국은 준비완료...이재명은 안절부절...수상한 SKT,negative,0.38219505548477173
2025-05-20 02:06:41,"이제 누가 털렸는지 공개하고 폰 바꿔줘라, skt!!!

IMEI 털리면 복제폰은 마구 찍어낼 수 있는 거 아냐?",negative,0.0901796817779541
2025-05-20 02:06:30,Skt 본받아라,positive,0.7261244654655457
2025-05-20 02:03:26,오잉 그거 하면 로밍 차단되나요!? 저는 문자 왔던 거 같은데... SKT 알뜰폰이에요.,negative,0.21781373023986816
2025-05-20 02:03:20,좃됫는데 아이폰16픓 줘라 skt,negative,0.21431368589401245
2025-05-20 02:03:20,"경찰, 'SKT 유심 해킹 늑장대처 의혹' 본격 수사 #뉴스1",positive,0.5626797676086426
2025-05-20 02:02:34,여론조사는 부정선거 결과에 당위성을 부여하기 위한 대국민 가스라이팅용. 이게 전에는 음모론이라 생각했는데 SKT 해킹 사태를 보니 음모론 같지 않음. 이 상황에 여론조사 조작이 없다고 우기는 게 더 음모론이지.,negative,0.4324614405632019
2025-05-20 01:59:42,"이쯤 되면 SKT는 국민에게 1인 100만원 보상하고, 기업 사라져야 하는 거 아니냐...",negative,0.20288944244384766
2025-05-20 01:57:44,SKT 해킹으로 대포폰 개통 후 이 폰을 여론조사에 활용하면? 이해가 안 되었던 여론조사 결과들이 이제 막 이해가 되네? ㅋㅋㅋㅋㅋㅋㅋㅋㅋㅋㅋㅋ,negative,0.3301817774772644
2025-05-20 01:56:10,"[박순찬 화백의 장도리 카툰] #SPC #SKT #판사 #룸살롱 

<법대로> 

출처: 오마이뉴스",negative,0.1496981978416443
2025-05-20 01:54:24,"skt 해킹은 중국의 사이버테러다. 
22년 6월 해킹툴을 심어놓고 2000만명이 넘는 우리나라 국민들의 정보를 빼가고 있었다.
그들은 중국 정부의 지원을 받는 해킹조직이다. 명백히 중국이 우리나라를 공격한 것이다. 

계엄은 정당했다!",positive,0.56171715259552
2025-05-20 01:51:21,"나는 SKT 잘못 맞지만, KT, LGU+가 이들과 차별화 될 정도의 보안 관리를 하는지 궁금하다. 아니라면 또 발생할 수 있는 사고다. 기회에 미국 처럼 폰해킹이나 사기, 범죄에 의한 불법 인출, 범죄활용, 불법 폰 가입, 대출/결제 피해시 해당 금융 기관과 통신사가 함께 책임지게 제도적으로 바꾸자.",positive,0.6441338658332825
2025-05-20 01:51:12,"내가 LGU+이나 KT에서 뭔가 결정할 수 있는 위치였다면 skt 고객들 상대로 번호이동 시 위약금 전액 부담정책 하고 skt 상대로 구상권 행사 들어갔을 듯 ㅋㅋ
#SKT해킹 #SKT",negative,0.08828020095825195
2025-05-20 01:49:17,"타인 명의로 중국인이 투표
SKT 서버 해킹과 부정선거가 관련.",negative,0.18809986114501953
2025-05-20 01:46:55,으음 역시 부정선거는 소설인 모양 ㅎㅎㅎ. 최종 판단 끝. 그나저나 SKT도 소설인가? 내 휴대폰 해킹의 핑계냐?,negative,0.0082053542137146
2025-05-20 01:46:22,"와 저건 음모론이라고 치부하기엔 너무들어맞는데? ㄷㄷ

SKT 해킹마저 중국이라니",positive,0.6220700740814209
2025-05-20 01:45:35,skt 이번에 털렸다고 한 날짜가 4월 24일 전후였던 것 같은데.....;;;;;;;,negative,0.2271917462348938
2025-05-20 01:45:29,아니 휴대폰 생각할수록 야마가 돌아서 자체 화력발전 가능할 지경인데……. 대체 뭐 휴대폰을 어떻게 뭔 돈으로 바꿔야 한단 거임???? SKT 최태원이에게 징벌적 어쩌고 하고 싶음 ㄹㅇ.,negative,0.04148268699645996
2025-05-20 01:41:35,"ㅁㅊ......ㄷㄷㄷㄷ;;;; 
아니 그럼 SKT 서버 해킹한 중국인 해커가 선관위에 있었고 그걸 12월3일 계엄 때 잡아갔다는 거임? 성동격서를 한 거라고???",negative,0.06274598836898804
2025-05-20 01:41:27,"SKT는 사업을 접을게 아니라면,

-보상금(위자료)와 

-단말기 무료교체 정도는 

성의를 보여야 할 것.

회사 피해를 운운하기 전에

천문학적 수입으로도 뛰어난 방어체계를 갖추지 않고,

오랜 기간 탐지하지 못한 무능에도 방점이 찍힐 일.

당신들은 1등 사업자였음.

#SKT",negative,0.19857901334762573
2025-05-20 01:41:11,"모든 가입자 개인정보 털렸을 가능성…SKT, 2700만명 정보 담긴 서버도 해킹 (출처 : 매일경제 | 네이버 뉴스)",negative,0.1539766788482666
2025-05-20 01:40:07,skt 씹새들아,positive,0.5301953554153442
2025-05-20 01:40:02,"만에 하나 대포폰 돌리면 답없습니다. SKT 유심에 IMEI까지 털렸다고 오늘 뜬 거 같던데.....그래서 초접전으로는 안됩니다. 무조건 완벽하게 짓밟아야 합니다. 저런 조폭들하고 어울려 술마셔대는 양아치가 대한민국을 더럽히는 건 절대 용납이 안됩니다.

마지막까지 절대 독하게 가야합니다.",negative,0.21653568744659424
2025-05-20 01:37:59,SKT 진짜 망해야겠다,negative,0.09573233127593994
2025-05-20 01:37:50,와씨 보이스피싱 전화가 오네 skt에서 진짜 싹다 털렸나보다...,negative,0.18506574630737305
2025-05-20 01:36:08,"skt 유심 교체해야하는데,,,,
저
인터넷
감시카메라
이것저것
엮여잇다구요,,,,",negative,0.36746442317962646
2025-05-20 01:35:36,"[이시각] 경찰, 'SKT 해킹 사태' 관련 최태원 고발 본격 수사
#딜사이트경제TV",negative,0.33422285318374634
2025-05-20 01:35:27,"SKT 사태가 사실이라면 정말로 폰을 바꿔야 하는건가...
나와 동생은 통신사를 일단 옮기긴 했는데 아버지는 아직도 SKT인데다가 굳이 바꾸실 필요성을 못느껴서 기기 자체를 바꿔야 하나 생각 중...",positive,0.5929095149040222
2025-05-20 01:35:25,걍 국민들 다같이 skt고소하면 안됨??? 존나 괘씸하고 일처리 ㅈ같이 못해서 개화남!!!ㅜㅜ,negative,0.21007388830184937
2025-05-20 01:34:55,"경찰, 'SKT 해킹 사태' 최태원·대표 등 고발사건 수사 착수",negative,0.12882786989212036
2025-05-20 01:34:22,"2차피해가 날려면 skt로 유지하고 있을때 가능하고
서버가 다른 타업체로 이동해 있으면 그나마 더 안전하다고 들었습니다",negative,0.15892791748046875
2025-05-20 01:33:58,"이젠 민증까지 새로발급받아야하네.
그냥 SKT 폐업시켜버려!",negative,0.024908363819122314
2025-05-20 01:31:08,"SKT 해킹 로그가 하필 12월 3일부터 잡혔다.
하필 그날은 계엄이였고?
하필 그날 선관위연수원에서 누가 잡혀갔네?
하필 그걸 허겸이 보도를 했네?
엌 엮이면 큰일나니까 계엄까지만 연관짓게
선관위연수원 보도를 다 거짓인것처럼
영장청구하면 개돼지들은 저 기사 전부 가짜뉴스구나
생각하겠지?",negative,0.10333716869354248
2025-05-20 01:31:01,오호 감사합니다 skt 안쓰고 있어서 한번 알아봐야겠네요,positive,0.885739266872406
2025-05-20 01:28:44,아 skt개짜증나네 걍 kt로 옮길까봐,negative,0.062370121479034424
2025-05-20 01:27:29,이새끼들 단체 소송 맛 씨게 보여줘야 함 님들아 네이버 카페에 skt 단체 소송 카페 있어요 설문지 폼 질문에 답변 기재하고 계좌로 입금 하면 끝임 금액도 만원 밖에 안해요 요구 파일 중에 skt홈페이지에서만 받을 수 있는 파일이 있어서 컴으로 해야함. 5분도 안걸려요,negative,0.018474817276000977
2025-05-20 01:26:18,시발. 올해 skt로 바꿧는데. 뒤져라.,negative,0.06143110990524292
2025-05-20 01:25:56,국민 절반 수준의 개인정보를 보유한 SKT의 허술한 보안체계가 강화돼야 하는 것은 두말할 나위도 없다.,negative,0.1107553243637085
2025-05-20 01:25:54,"[사설] 3년간 가입자 정보 털린 SKT, 이용자 불안 어디까지 (출처 : 중앙일보 | 네이버 뉴스) 
더욱 심각한 문제는 드러난 악성코드 대부분이 ‘BPF도어’ 계열로 밝혀졌다는 점이다. 이 악성코드는 2022년 초 미국 컨설팅사 PwC 보고서를 통해 처음 보고된 것으로,",negative,0.06893295049667358
2025-05-20 01:25:14,skt는 진짜 아이폰 보내라.,negative,0.14430975914001465
2025-05-20 01:23:58,"개인정보위, SKT 18대 서버 추가 감염 확인…238개 고객 정보 유출 조사
4월 22일 즉시 TF 구성·조사 개시
USIM 정보까지 포함된 유출 통지 완료
총 18대 서버·238개 컬럼 악성코드 감염 확인",negative,0.048606157302856445
2025-05-20 01:22:07,일단 선거까진 기다려야지..skt대응도 보고... 왜 내가 이런 고민을,negative,0.24775797128677368
2025-05-20 01:21:51,skt 개섀끼들아 보험 팔이 전화 돌릴 시간 있으면 유심이나 바꿔달라고,negative,0.17022836208343506
2025-05-20 01:21:43,Skt 위약금으로 전부 새 단말기로 교체하고 다시 재국유화하자. 뭘 어떻게 봐주라는거야. 그냥 회사 없애자.,negative,0.030877411365509033
2025-05-20 01:20:54,복붙)SKT 해킹 로그... 12월 3일...?,negative,0.32147955894470215
2025-05-20 01:18:04,폰바꿔야하나 내 아이폰14프로와 영원을 함께할랫는데 책임져라 skt,negative,0.38716942071914673
2025-05-20 01:16:52,SKT 문 닫자,negative,0.09425383806228638
2025-05-20 01:15:48,Skt 재기해,negative,0.4192429780960083
2025-05-20 01:13:52,skt주식삿엇는데 좆댓네시발거,positive,0.8599463105201721
2025-05-20 01:10:29,이재명이  경기도지사  당선될때  무효표가  4백만표가  넘음  이재명은  310만표  남경필 250만표  혹시 skt 해킹이  저런 결과  만드려고  즉 프로그램조작에  주민등록번호 오류  나와  무효표  만드려고?,negative,0.10156393051147461
2025-05-20 01:09:56,Skt는...통신업할 자격이없다...,negative,0.42004144191741943
2025-05-20 01:09:14,"한마디로 3년간 sk에 가입된 모든 정보는 중국손에 있단 소리임.

Skt유지한상태론 폰바꿔도 소용없음.. 폰 바꾸면서 통신사도 바꿔야...",negative,0.025642871856689453
2025-05-20 01:08:59,"skt 이 자식들 진짜 미국기업이었으면 벌써 손해배상 몇 백, 몇 천억 단위로 때려서 회사 쪼개버리는 건데^_ㅠ 엉엉",positive,0.6418505907058716
2025-05-20 01:07:16,"SKT는 문제를 해결할 능력이 없다
국가가 나서서 해결해야 할 것 같다
대신 SKT는 국가에게 지분을 넘겨라",positive,0.5622003078460693
2025-05-20 01:07:12,"민관합동조사단, SKT 침해사고 조사결과 2차 발표
4차에 걸친 BPFDoor 계열 악성코드 감염여부 집중 점검 - (현재까지 감염서버 총 23대, 악성코드 총 25종 확인 및 조치)
개인정보가 일정기간 임시로 관리되는 서버(2대)의 감염사실 확인",negative,0.1299835443496704
2025-05-20 01:03:44,"SKT 해킹, ""왜 12월3일에 끊겼나?"" 의문",negative,0.29449743032455444
2025-05-20 01:02:33,"3년전부터 털려온 걸 이제서야 알게 된 SK텔레콤.
그럼에도 다른 통신사들은 해매다 증액하는 보안비용을 감액하여 1/4도 안되는 LG유플보다 더 적게 보안예산 책정.
망해야 할 수준.
SKT 가입자 전원 털려… 3년 前부터 해킹 공격",negative,0.12635231018066406
2025-05-20 01:01:29,우리집 모든게 다 SKT 10년 넘은 장기고객인데 개망했네 진짜로,negative,0.01026064157485962
2025-05-20 00:59:32,"SKT 해킹, 中 해커집단 소행설 무게…미국 등 전 세계 노려

""국가안보 차원에서 적극적 대책 마련해야""",negative,0.0955885648727417
2025-05-20 00:57:31,"[속보] SKT, IMEI 유출 가능성...3년전 악성코드 설치 추정",negative,0.10608446598052979
2025-05-20 00:56:53,폰 내년에 가벼운거 나온대서 그때 바꾸려고했는데 하씨 이건 뭐 다 털렸다니까 뭘 어째야할지 감도 안옴 폰 바꾸고... 민증재발급...아skt!!!!!!!짜증나,negative,0.002072572708129883
2025-05-20 00:56:15,"주민등록번호 랑 주소까쥐
님들저한테 개인정보다털리고
나는님들의 SKT가 되",positive,0.7150831818580627
2025-05-20 00:54:25,SKT 개인정보 뿐만아니라 국제모바일기기 식별번호 (IMEI)까지 유출했을 수도 있다고 함;; IEMI 해킹당했으면 나처럼 통신사 바꿔도 소용 없을 수도. 폰고유번호니깐. 바꾼지 이제 반년이라고 개새끼들아.,negative,0.11971390247344971
2025-05-20 00:54:19,"SKT 사람들은 일단 탈 SKT부터 하세요.
통신사 바꾸면서 가능하면 폰도 같이 바꾸세요.",negative,0.2771180272102356
2025-05-20 00:53:24,Skt빨리갈인타라 잣대지말고,positive,0.5159467458724976
2025-05-20 00:53:01,skt 장기고객인데 갈아타고 싶은데 kt랑 lg 중에 어디가 그나마 나을지 모르겠어요 누구 추천해주실분ㅠ,positive,0.5199234485626221
2025-05-20 00:52:26,"가좍들 보이스피싱 조심하기..
나 좀전에 당할뻔함
전화해서 대뜸 등기 반송되었다며 인터넷으로 사건검색 해서 볼수있게 해주겠다고 불러준 사이트에 주민번호 입력하라고 하면서 시작하는 전형적인 수법입니다
SKT정보 털리고도 스팸문자 안온다 했더니 이런거 만들어서 보이스피싱 하는구나",negative,0.06331175565719604
2025-05-20 00:52:17,"skt 사용자인 트친들...

그냥 폰을 바꾸세요....

모든게 다 털려서 유심 바꿔봐야 소용 없답니다....

3년 전부터 해킹 관련 바이러스에 감염되었었단 이야기도 있어요....ㅡ",negative,0.05889469385147095
2025-05-20 00:52:17,skt해킹사건 이후 친중 부역자들이 미쳐 날뛰는 중,negative,0.3263095021247864
2025-05-20 00:48:47,"[단독] 경찰, 'SKT 해킹 사태' 관련 최태원 고발 본격 수사",positive,0.5021082162857056
2025-05-20 00:46:26,"나도 알바몬 유출된 거 없대
개자식들아
skt 이 개자식들아 내 삼억 오천만원 내놔",negative,0.24302667379379272
2025-05-20 00:43:05,SKT해킹관련 필독사항!,positive,0.5855644941329956
2025-05-20 00:41:33,skt 씨발럼들이 다 대주네 그냥,negative,0.19864702224731445
2025-05-20 00:39:21,즈엱이 skt 아니었던가 ㄱ-,negative,0.4385128617286682
2025-05-20 00:35:36,흠 skt에서 갈아탄지가 10년이 넘었는데 괜찮은가...?,positive,0.8114833235740662
2025-05-20 00:35:32,이건 저기 고용된 직원들 정보가 털린거긴 한데 좀 정도가 심각하더라구요 skt 보다 훨씬,negative,0.14699161052703857
2025-05-20 00:32:40,#Skt 고객도 아닌데 왜 멀쩡한 폰을 부숴여 ㅡㅜ,negative,0.26571154594421387
2025-05-20 00:32:19,SKT 고객한테 보상해라시바 헛돈 쓰게 생겼네. 나는 피해자인데....,negative,0.02474898099899292
2025-05-20 00:32:11,"[해킹대란] SKT, 수습 총력전 불구 갈 길 먼 ‘고객 신뢰 회복’ #SKT #SK텔레콤 #SKT해킹 #SKT유심 #SKT가입자 #SKT유심해킹 #브릿지경제",negative,0.08091109991073608
2025-05-20 00:30:42,SKT로 이미 탈탈 털려서 그런가 나는 해당 안 된대 진짜 억울하다,negative,0.03322321176528931
2025-05-20 00:30:00,"[아침을 여는 한겨레] 2025년 5월 20일 화요일

SKT 해킹 3년전 시작 
유심정보 모두 털렸다
 

지귀연 접대의혹 부인에
사진 꺼내든 민주당 “거짓말 판사”",negative,0.06317472457885742
2025-05-20 00:30:00,"SKT 악성코드, 3년 전 심어져
中 해커집단 소행에 무게
#SKT #악성코드 #사이버전쟁",negative,0.05494910478591919
2025-05-20 00:28:53,"SKT장기가입자로서 이번 일을 통해 이런 불량기업에 대한 징벌적손해배상제도 반드시 있어야 하고 과기부는 여태 뭐 했나, 통신기업 관리 안 하고! 라는 생각에 분노가 가라앉지 않고 있어요. 

통신사 3곳 모두 똑같다고 하더라도 무조건 skt는 손절할 거에요. 당하고 왜 가만있어요? 누구좋으라고?",negative,0.4755619168281555
2025-05-20 00:28:34,"에스케이텔레콤은 심각한 상황에 대한 책임을 다하라

[긴급기자회견] SKT 해킹 조사 2차 조사결과 관련  긴급 입장발표...국회 과방위 위원 일동  출처",positive,0.745551347732544
2025-05-20 00:27:50,Skt새폰내놔샛기들아,positive,0.6812851428985596
2025-05-20 00:23:46,"SKT 해킹, 中 해커집단 소행 무게…악성코드 3년 전 심었다 

오늘 아침에 뜬 뉴스만 해도 쭝놈 관련 뉴스가 세 개입니다.
중공인 살인자, 건강보험 먹튀, 그리고 SK해킹 사태.
어쩌면 좋겠습니까?
지자체 표를 위해 ㅉ주당 패거리가 만든 현실입니다.

/ 채널A / 뉴스A",negative,0.3064638376235962
2025-05-20 00:23:25,하 거의평생을 SKT써왓는ㄴ데 어득하라고 나보고ㅠㅠㅠ 다시 회피한다,negative,0.2821897268295288
2025-05-20 00:23:12,"2022년 5월 10일 윤석열 취임

2022년 5월 26일 김규현 국정원장 임명

2022년 6월
SKT 2대의 서버에 설치된 악성코드의 설치 시점",negative,0.3631806969642639
2025-05-20 00:22:26,"[제2편] 중국은 준비완료, 이재명은 안절부절, 수상한 SKT  -",negative,0.20566606521606445
2025-05-20 00:21:03,음 skt가 아무리 내 정보를 털어도 돈없고 존나 불쌍한 나를 해커새키가 보면 걍 불쌍해서 넘어갈듯,negative,0.1673678755760193
2025-05-20 00:20:19,"IMEI 유출 있어도 덮겠지.
SKT 사업 접어야 함!",negative,0.20980000495910645
2025-05-20 00:20:02,돈내놔 skt 새 휴대폰 살 돈,negative,0.09091591835021973
2025-05-20 00:17:09,[기획] 3년간 해킹…정부·SKT 까맣게 몰랐다 (출처 : 디지털타임스 | 네이버 뉴스),positive,0.7317603826522827
2025-05-20 00:17:04,목적이 돈이 아니다?skt해킹,negative,0.081204354763031
2025-05-20 00:16:55,"가입자 '전원'<<<<<< ㅅㅂ

SKT 가입자 전원 털려… 3년 前부터 해킹 공격",negative,0.12686479091644287
2025-05-20 00:16:05,"SKT 해킹, 3년전 시작…""국가 사이버전쟁 의심""
 라고 대통이 얘기 할때는 내란이라며 탄핵 시켜놓고 뭐?? 장난하냐?",negative,0.09968948364257812
2025-05-20 00:15:40,KT 10년 넘은 장기고객인데 SKT 떠나서 여기 온다면 말리고 싶어요,negative,0.2983172535896301
2025-05-20 00:14:39,"아침부터 또 개열받넹
.
.
.
SKT 가입자 전원 털려… 3년 前부터 해킹 공격",positive,0.6893120408058167
2025-05-20 00:14:15,"IMEI 서버서 악성코드 나왔지만…SKT, 복제폰 망접속 '원천 차단'한다",negative,0.051248788833618164
2025-05-20 00:11:49,"skt 털린 친구들아
근데 민증 재발급? 임시민증이나 타대체수단으로 인증해서 투표하라는거도 알겠고,
불안하면 대선 이후에 재발급 받으라는거도 알겠음.

근데 본질적으로 민증을 재발급해야하는 이유를 모르겠음..
민증번호 바꾸는거도 아니고, 단순 재발급하는게 어떤 도움이 됨? 알려줄사람..",negative,0.11236554384231567
2025-05-20 00:10:32,"서버 전체란 얘기, SKT는 당장 회사 접어라!!!!! 니들이 무슨 자격으로 국민 개인정보를 잡고 있냐! 과기부 니들도 똑같아!",negative,0.16517609357833862
2025-05-20 00:10:06,"개인정보위, SKT ‘집중조사 TF’ 가동…감염 서버에 238개 항목 개인정보 저장 확인",negative,0.12818831205368042
2025-05-20 00:07:55,"텍스트정보데이터가 털린건데 주민등록증이 뭔 상관임?
skt에 주민등록증 사진 제출했나요? 하도 가입한지 오래되서 가물가물하지만 내 기억으론 아닌데
님 주민번호 다 갈아 엎을거 아니면 재발급 지금 하등 의미없다.",negative,0.11241817474365234
2025-05-20 00:07:02,"이동통신 사업허가 취소된 후 그 허가권을 지금 경쟁입찰해서 다시 사려면 10조원 갖고도 쉽지 않을 것 같은데, 위약금 면제 손해 7조원 정도 갖고 쫀쫀하게 구는구만.

망해도 별 수 없지. ㅠ.ㅠ 

#SKT",positive,0.6270151734352112
