created_at,text,like_count
2025-04-23 23:59:09,유심 잠금했다가 puk 번호 때문에 막혀서 난리었는데 공동인증서도 만료되어서 멘붕이다가 겨우 해결 ㅠㅠㅠㅠㅠ.. 유심 함부로 뭐 하지 맙시다,0
2025-04-23 23:59:04,트위터 하고 핸펀으로 이상한짓 많이 한 사람들은 유심칩 해킹 소리에 심장이 벌렁거릴듯 ㄷㄷ. 이걸 계기로 핸펀 버리고 유선전화 쓰시길염.,0
2025-04-23 23:58:05,내일 아침에 유심 무상변경 해달라고 문의넣어야겠음 장난하는 것도 아니고 진짜,6
2025-04-23 23:57:03,"티월드앱에 무료서비스 메뉴쪽
유심보호서비스 없었는데 해킹사건으로 샘김",0
2025-04-23 23:55:49,유심교체도 무상으로 해줘야지!!,0
2025-04-23 23:53:51,"이봐요. 유심 무상 교체를 진행 하세요.
이거 가입하려면 로밍도 해제해야하는데 
왜 뒷감당을 소비자가 해야하는데요??",1
2025-04-23 23:52:52,skt 그냥 빡쳐서 홧김에 유심 바꾸고 옴,4
2025-04-23 23:52:50,계좌관련으로 다 전화돌리고 구글플레이에도 환불요청하고 경찰서도 가야지....유심도 바꿀려고 했는데 일이 한꺼번에 부닥치네...,0
2025-04-23 23:52:13,전에 알뜰폰으로 유심 갈아타면서 모바일 교통카드 오류나서 다른 폰으로 이전 유심 꽂아다가 잔액 이전 신청했고 카드번호도 바뀌어서 알뜰 교통카드(지금은 K-패스)도 재등록해야 했었으니 유심에도 고유번호가 있단 뜻인데 이게 진짜 안 중요함...??,0
2025-04-23 23:51:50,지금 유심보호서비스 가입 해봤더니 기존 데이터로밍 어쩌고는 알아서 해지되네 ㅋㅋㅋㅋㅋㅋ,0
2025-04-23 23:50:59,내가 유심보호서비스를 해지하기까지 문자를SKT 6개 은행에서 3개를 받음ㅋㅋㅋㅋㅋㅋㅋㅋㅅㅂ,1
2025-04-23 23:50:47,뭐 해야 하는게 왜이렇게 많나요. skt여서 유심 관련으로 문제도 생겨....내 명의는 도용을 당했지요... 안그래도 오늘 모르는 폰으로 로그인되서 그걸 로그아웃했죠...근데 그놈자식 끈질겼군요...ㅎ,0
2025-04-23 23:50:44,아 존나 개븅신같애 시발.. 국가 통신사가 하는 일이라곤 유심 해킹 당하기 ㅇㅈㄹ 쳐 하고 있음,0
2025-04-23 23:50:20,그니께요ㅜ 유심 정보 털렸대요ㅠ,1
2025-04-23 23:50:15,유심교체비용 보상해라 ㅅㅂ 시간내서 언제 가냐고,0
2025-04-23 23:49:41,원가 얼마 하지도 않는데 이때동안 가입자들 최소 4400원 7700원씩 유심가입비 뜯어먹은거 생각하면 적자 안난다 빨리 해라...,0
2025-04-23 23:49:04,"물론 제 정보가 어떠한 형태로던 털리고 입닫으면서 지금 제일 문제가 되는 유심 재발급을 안해준다는건 좀 열받으니깐

SK는 빨리 114 번호 명의로 문자 보내고 요금감면 혜택에 무료 유심 교체 시행하라 시행하라",2
2025-04-23 23:48:55,마침 내폰 유심이 구형이라 모바일 티머니같은거 못쓰고있었는데 이참에 바꿔야겟는걸,0
2025-04-23 23:48:43,쌤!!! 유심 관련 정보 해킹다했데요 당장 t월드 들어가서 공지확인하세요,0
2025-04-23 23:48:02,그래요? 엉뚱핰건가요? 티월드 들어갔더니 공지로 뜨길래 일단 보호서비스 가입 하긴 했는데 말여요. 유심 바궈야 히는거면 지들이 돈 내줘야지!,0
2025-04-23 23:47:56,"""유심에는 개인정보가 없으니 굳이
유심 교체까지 할 필요는 없다""라는
말은 어느 대리점이나 다 하나 봄...
나는 내 마음의 안녕을 위해 변경하고
오긴 했으나 마음은 아직도 찝찝함...",0
2025-04-23 23:45:56,skt 대실망이다. 안그래도 힘든 요즘인데 정말 큰일나기전에 유심 바꿔주기 바란다. 초기대응 못해서 재난만들지말고 정신차리고 수습해라!,10
2025-04-23 23:45:27,"SKT 이용자 
급하게 SIM 잠금한다고 설치다가
정말로 잠겨서 ;;

백만년만에 유심칩 꺼내봄
최초 유심개통 때 받았던 칩에
PIN 번호 / PUK 번호 다 있어요
대리점 안가도 잠금 풀려요",4
2025-04-23 23:45:24,"유심보호서비스 말인데..
나처럼 로밍 자주 사용하는사람은 어떻게 하냐",0
2025-04-23 23:45:21,RT) 나도 저 문자받고 저거 뭐지 했는데 유심해킹됐다는 소식듣고 ㅅㅂ ㅡㅡ,0
2025-04-23 23:44:35,폰 보안에서 유심 비밀번호 재설정했다. 혹시 또 모르니까..,0
2025-04-23 23:43:37,skt  유심칩 관련해서.. 나같이 해외에 나와있고 장기 정지 신청한 사람은 어떻게 유심칩 교체하라는거임 ;; 뭔 제대로된 해결책을 줘야 더 큰 개인정보 유출을 막을텐데 왜 고객이 다 알아서 해결해야하는겨,6
2025-04-23 23:43:23,"유심이 뭔지 모르시는건가…

위험한 건 맞는데 복제폰이란 데이터까지 복제되는게 아니라 가입자정보인 일종의 열쇠가 등록된 USIM이 복제되어서 내 전화를 무력화시키고 자기가 내 번호의 주인인 양 행세하는 심 스와핑을 뜻합니다…

폰의 데이터가 털리는 건 아니지만 진짜 개인정보가 털리는 상황",18
2025-04-23 23:43:04,"유심은 도대체 Why 잃어버렸던거고...
저 커염띠기한 스티커는 도대체 뭐임...",1
2025-04-23 23:42:55,나 skt라고 십새끼들아 유심바꿔주던가--,0
2025-04-23 23:42:39,어떡해요 skt 쓰시는분들 유심 바꾸시나요,0
2025-04-23 23:42:38,"헿,,, 유심빼는 핀이 없어여,,, 낼 되면 대리점 가보랴구여ㅠㅠㅠㅠ 초기화가 유신 핀번호 초기화라는 것 같아서 조금 안심하고 잇어요,,, 잠ㄱ,ㅁ풀리면 백업부터 한다,,,",1
2025-04-23 23:42:04,저두 삼성쓰는데 아이폰 감성도 찾고싶어서 se2 서브폰으로 써용!! 데이터 태더링 되는 유심끼워서 잘 쓰고잇습니당,1
2025-04-23 23:40:20,유심이 짱입니다아 가격더 저렴하구,0
2025-04-23 23:40:11,"일터지고 막는중인 SKT.
유심보호 해준다는척하면서 자기네 터진일은 슬쩍 뒤로 넘기네...",3
2025-04-23 23:40:09,"쓸데없는 문자보내지말고 유심새로발급이나해
이미털린정보 보호해서어쩌게.",2
2025-04-23 23:39:56,"다행히 어렵진 않다 티월드 들어가면 바로 공지 뜨는데 그 공지에서 유심보호서비스 바로가기해서 가입하면 됨 
가입방법도 클릭 몇번하면 끝임 걍 지금 봤을 때 ㅃㄹ하셈",3
2025-04-23 23:39:20,유심 교체 해야한다는 거지? 아오 sk 개놈들아 니네가 알아서 해줘야 할 거 아냐 십샛기들,0
2025-04-23 23:38:14,NFC태그로 결제하는 삼성페이나 모바일 교통카드 그거 다 유심에 NFC 등록 해두고 쓰는거잖아 그래서 유심 교체하면 모바일 교통카드도 다시 등록해야하는데 정말 관련이 없는거임...??,21
2025-04-23 23:37:46,"알뜰은 유심 왤케 귀찮아?
ㅜ",0
2025-04-23 23:37:31,"유심 사줘 통신사
아놔 진짜 통신3사 진짜",0
2025-04-23 23:37:16,그전에 부모님 유심 부터 바꿔야   ㅠ  ㅡㅜ,0
2025-04-23 23:37:10,SKT 유심보호서비스 되게 이런 느낌임,0
2025-04-23 23:37:06,유심번호 괜히 건드렸다가 폰 잠겼어 낼 대리점 가야 돼 나 요즘 왜케 성급하게 생각없이 사냐 정신 차리자 쫌,0
2025-04-23 23:36:59,아니 그니깐 지금 내가 skt 유심을 꼽고 있는 상태일 때 털린다는 소리인거임?? 다른 칩 꼽고있으면 괜찮다는 말인건가? ㅈㅂ 아무나 알려줘ㅛㅇ 존나무서워ㅓㅇ휴,0
2025-04-23 23:36:49,"유심 교체 
안해두댐",0
2025-04-23 23:35:46,아 어떡하지 유심 바꾸려면 대리점 가야해..... 대리점 들어가는거 너무 부담스러운데.......... 음식점 들어가는것도 망설이는데 대리점을.. 가야된다고.....?,0
2025-04-23 23:35:33,유심무료교체 해달라고요 고객들이 똥으로보입니까?,0
2025-04-23 23:35:28,아씨...진짜 SKT 이새끼들 일 개좆같이하는덕분에 유심교체를 하기는 해야하는데 이걸 시발 왜 피해를 받은 사람이 돈 내고 교체를 해야하는거야?,0
2025-04-23 23:34:45,아오 skt 해킹당한거 지금 알아서 방금 유심보호서비스 가입햇네 스바,1
2025-04-23 23:34:05,"2. 유심 비번을 거는거는 비유하자면, 누군가가 집 열쇠를 이미 복사해간 뒤에 열쇠를 자물쇠 달린 보관함에 넣는거랑 비슷함. 이미 복사해간 열쇠로 집 열 수 있잖",0
2025-04-23 23:34:05,1. 유심보호서비스는 해커가 복제폰을 만들어도 일단은 개통이 안되게 막는 서비스임. 켜놓으면 일단은 괜찮겠지만 푸는 순간 원상복귀임. 눈가리고 아웅,0
2025-04-23 23:33:27,"나도 이랬는데
바꿀 필요 없고 유심뭐시기 서비스 하면 된다고.
해킹 당했는데 그냥 교체하면 좋을 것 같다고 교체해달라고 했음",5
2025-04-23 23:33:05,"웃긴건 조회할라고 티월드 들어가니까 실시감 검색어 같은거 다 유심 번호 puk번호 이딴거임 나도 이렇게 세번 틀리면 휴대폰이 잠김니다 떳ㅇ,면 백업부터 햇지 시바 초기화해야된다고,,,? 백업도 못햇는데,,,",3
2025-04-23 23:32:41,"유심보호서비스 바로요금제 가입자는 해지후 가입하라고 하던데ㅋㅋㅋㅋ
개인정보 유출당한 소비자가 해야하는 일이 너무 많지 않나요? 기업은 뭐하고 있죠? 심지어 22일 일을 순차적으로 문자공지요? 이미 늦지 않았나요? Sk를 누가 신뢰하겠어요? 제 정보 어쩌실 건데요",39
2025-04-23 23:32:15,친구 농구도보러가서 쟤랑 사진찍었는데 걍 똑같이아름다유심 황금사과주고싶더라,1
2025-04-23 23:31:50,이딴거 하지말고 무료로 유심을 교체해 주라고,0
2025-04-23 23:31:41,저 유심비밀번호 설정 잘못되서 핸드폰 막혔어요 ㅅㅂㅠㅠ 티월드 비번도 모르겠어요,0
2025-04-23 23:30:51,내가 이 글 보고 헉 skt 유심이 유출됐다네? 하니까 크로스피터가 “유시민?” ㅋㅋㅋㅋ 아 빨리 티월드 체크헤야지,0
2025-04-23 23:30:14,"무상유심교체 서비스를 해야하는거 아닌가?
이게 민영화의 실태인거다.",0
2025-04-23 23:29:36,"유심 교체나 해줘요
진짜 다시 생각해도 열받네",1
2025-04-23 23:29:35,"제가,,, 유심 심번호 세번 ㅌ,ㄹ려서 좃댄 사람ㅇ,로 보이세요,,,.? 맞음",9
2025-04-23 23:29:23,"SKT 해킹 때문에 유심보호서비스 가입하려고 했는데
아차
다음주 해외학회 참석 때문에 로밍 신청해놔서 가입이 안 된다
SKT 개자식들아 왜 해킹 당하냐고",20
2025-04-23 23:29:19,"유심 무료 변경 한대도... 
그거 일일이 사람들이 가서 교체해야 하잖아여...
 아니믄 자기들이 배송 시켜줄껏도 아니믄서.. 
왜 누군가의 시간과 노력은 돈만큼 중요하지 않다고 여길까요...",0
2025-04-23 23:28:18,"개인정보가 얼마나 중요한 시대인데 무상유심교체해주세요
책임 제대로 지세요~",1
2025-04-23 23:27:07,물론 영원히 저 서비스를 불편하게 쓰기보다는 아예 유심을 바꾸는게 젤 좋겠지만.. 당장 해킹당해서 악용되는걸 막기엔 도움되는거 맞음,0
2025-04-23 23:25:03,유심 바꿨더니 교통카드가 싹 날아가서 막차 몇 개 안 남았는데 지갑도 없고ㅠ 교통카드 발급기계는 삼페 안 되구 미친 .. . 러브언ㄴㅣ없었으면 집에 못갔다요 흑흑 모두 티머니 재등록 확인ㅎㅏ기를...,1
2025-04-23 23:24:34,"근데 유심칩은 또 열심히 안 뽀각나게 관리해서 유지하는 편 백업도 자주 해둘 것 같음..
그리고 김솔음 갤 쓰는데 딱히 큰 이유는 없는데 아무래도 페이나 통화 내용 녹음 등등 자잘한 거 간편하게 쓰다보니 아이폰 이전 못하는 편일 듯.. 괴있세에는 마찬가지로 보급형이나 알뜰폰일 것도 같고",9
2025-04-23 23:24:22,"sk텔레콤 관계자 여러분들께
유심 무료 교체 진행부탁드립니다",0
2025-04-23 23:24:13,"to. 유심해킹범애게.
ㄴ너네도 제이슬기 할래? 재밋어 한번봐봐",6
2025-04-23 23:23:51,근데 그래서 유심교체를 해야한다는 거지??? 퇴근하고 가도 될라나,4
2025-04-23 23:23:06,"무상 유심교체
이게해주기싫으셧으면 관리를똑바로하셧어야죠",1
2025-04-23 23:23:05,"""괜히 카톡 공개했다가"".. 이영지, 세븐틴 도겸 무시 논란에 결국 사과문 올렸다

마드리드 육성응원 이지훈 금발 티니핑 유니폼 나가노 메이 유심 교체 안해두댐",1
2025-04-23 23:22:59,아 유심 정보까지 다 유출됐다고 몽땅 다 털린다고 해서 너무 무서워짐 물론 훔쳐갈 돈은 업ㄱ다만은 해커가 내 번호 도용해서 보이스피싱하면 어케....,0
2025-04-23 23:22:57,난 SKT 쓰는데 개인정보가 다 털렸다고 하더라 유심 교체만이 답이라고 하던데 해외 자주 나갔다 와서 유심 교체한지 얼마 안 됨 럭키첫사랑임,13
2025-04-23 23:22:31,개인정보가 본인 이름 주민등록번호만을 말하는게 아니라 개인과 1대1로 매칭되서 개인을 식별할 수 있는 고유 번호 같은것도 개인정보인데 유심 일련번호부터 단말기고유번호까지 싹 털렸는데 어케 개인정보가 안털린거임,586
2025-04-23 23:22:24,구글에서 ‘skt 유심보호서비스’ 검색하면 t월드사이트 유심보호서비스 페이지가 나타남. 접속하면 공지 보이고 상단에 보라색 서비스 가입 페이지 뜸. 로그인-무료유심보호서비스가입하면 완료!,4
2025-04-23 23:22:06,이심/유심/로밍/와파도시락도 꼬옥 확인하시기,2
2025-04-23 23:21:29,유심굧해주세요ㅜ,1
2025-04-23 23:21:27,유심 시바…,0
2025-04-23 23:19:42,유심 교체해야겠네 열받아..,0
2025-04-23 23:19:24,얘들아(00명)나 아까 낮에skt 개인정도 털렸던 뉴스보고 걱정되서 유심 비번 바꾸려고 들어갔다가 비번 다틀려서 지금 폰 영구적으로 잠겨버림ㅋㅋㅋㅋ아니 ㅅㅂ완전 잠길줄은 몰랐다고!!ㅋㅋㅋㅋㅋ나 미쳐버렼ㅋㅋㅋㅋㅋㅋㅋㅋㅋㅋㅋㅋ아니 낼 출근 우째ㅋㅋㅋㅋㅋㅠㅠㅠㅠㅠㅠㅠㅠㅠㅠㅠㅠㅠ,3
2025-04-23 23:19:23,"에ㅋㅋ
나 유심에 다른 사람들 전화번호 저장해 놨는뎈ㅋㅋㅋㅋㅋ",0
2025-04-23 23:19:14,"아 나도 저런식으로 쓸걸 그랫나ㅋㅋㅋ뭐라해야할지 몰라서 대략 스트레이트하게 니네 잘못이니까 양심이 잇음 유심 무상으로 교체해줘야하지 않겟니?라고 해벌임ㅋㅋㅋㅋㅋㅋ큐ㅠㅠㅠㅠㅜㅜㅜ아니 근데 시발 내가 SKT를 012, 011때부터 썼는데 진짜 한국 통신사들 너무 거지같음",1
2025-04-23 23:19:13,어휴..... 직영점 찾아서 가는 것부터가 문제야 지금 ㅅㅂ 무료 유심 교체 해주라고,1
2025-04-23 23:16:06,"우리가좍 전부 skt써서 아침에 대리점 열자마자 다같이 유심 바꾸러 가기루..ㅎ 
담에 폰바꿀때 통신사 갈아타야지 옘뵹",13
2025-04-23 23:14:06,하 그래서 어떻게 해야하는거야 유심을 바꿔야돼? ㅠㅜ,0
2025-04-23 23:12:34,티월드에서 유심보호 하면 된대요,0
2025-04-23 23:11:58,"내일 유심 교체할려구요.ㅜㅜ
나라가 엉망진창이 되었습니다.",4
2025-04-23 23:11:49,유심보호서비스 일단 가입했는데 그냥 냅두면되나,0
2025-04-23 23:11:45,아아아아아아ㅏ아ㅏ유심 바꿔야 할까요?ㅠㅜㅠ너무귀찮다...... 나랑 달리 내 번호는 해외여행도 가고 인싸도 됐네......ㅇ(-(,0
2025-04-23 23:11:12,그럼 통신사 대리점에서 네 고객님 존나ㅠ큰일났습니다ㅜㅜ빨리 주변에 알려서 유심바꾸고 본사에 항의하세요 하겠나ㅡ. 해지방어 별일 아닌데요 얼른 유심바꿔드릴게요 하지,1
2025-04-23 23:08:47,요금은 칼같이 다 받아가면서 사용자들만 불안해서 이렇게 전전긍긍 하는 게 말이 됨? 유심 서비스니 뭐니 문자 통보도 없이 공지 하나 띄워두면 다냐고. 유심 교체를 무상으로 해주든지 사고에 대한 책임을 져야지 그냥 이렇게 넘어가?,5
2025-04-23 23:08:27,유심 교체 해 말어,2
2025-04-23 23:08:21,일단 유심어쩌구 그거하고 정 불안하면 유심 바꿔ㅠㅠ,0
2025-04-23 23:07:36,"이거 절대 하지 마시고 혹시 비번 몰라서 안절부절못하고 계시다면
1. 유심 빼고 뱅킹앱 들어가서 공동인증서 발급(폰 인증 없어도 돼요)
2. 스마트폰>PC 복사(USB에 하세요)
3. T월드 로그인 후 MY>나의 가입 정보>PUK 번호 조회
4. 알아낸 PUK 번호 잘 기억해두기
이미 10회 넘으셨으면 유감...",19
2025-04-23 23:06:57,얘들아..이거 번호 3번 틀리면 유심잠금해제번호(PUK) 알아야하니까 조심해.......나도 알고 싶지 않았다....... 0000도 안되길래 아찔했다 진심 하,3
2025-04-23 23:05:52,"유심잠금설정하려다가 폰이 잠겨버림..;;;;;
짯응나ㅠㅠ SKT진쯔ㅏ 늬들땜에ㅠ
아침까지 연락안될예정.ㅠ.",3
2025-04-23 23:04:05,LG랑 KT 유심은 안전함? ㄷㄷ,0
2025-04-23 23:04:01,유심 유출되어도 폰에 게이밖에 없어서 쓸모 없는 거 아니냐,0
2025-04-23 23:02:41,"문자로도 전 고객에게 현 상황을 알릴 것, 유심 무상교체 지원할 것 요청하고 왔어요",5
2025-04-23 23:01:38,유심 얼마전에 교체햇는데 시발새키들이ㅜㅜ,0
2025-04-23 23:01:03,통신사를 족쳐서 유심 무상교체 해달라고 해야만....!,0
2025-04-23 23:00:11,내일 당장 유심바꾸러 가야겠다,0
2025-04-23 22:59:11,가족들 다같이 유심 비번 설정함 ㅜ 갑자기 날벼락⨟⨟,0
2025-04-23 22:58:47,아침에 광고받아보고 점심에 해킹 소식 듣고 저녁전에 유심바꾸고..엉엉....,1
2025-04-23 22:58:38,"아직 유심관련 공지는 안내려왔다고하더라구요 ㅜㅜ 단체 소송 들어가야 ㅡㅜ 미친것들
공공재라고 농담으로 하는 말이지 ㅜㅠㅜ 대수롭게 생각 안하는건지",1
2025-04-23 22:58:03,유출된 고객 대상으로 유심 무료 교체해줘야하는거 아님? 하여튼 통신사들 날로먹으려고,1
2025-04-23 22:57:04,"그러게 말입니다
군입대 해야되서 유심 써야되는데 미치겠네요",5
2025-04-23 22:56:57,"헐..심각한가요?오늘바빠서자세안봤는데.. 조회수가..
일단 해외해킹이면 통신사해킹이기도 해서
복제폰 방지위해 가입한거예요.
저건 유출당한 통신사 비난글이고..(비난당할일이지요) 전 그냥 유심복제 해외
인증차단용으로 했어요.말씀없으시니 불안",1
2025-04-23 22:56:55,유심 새로 교체..,0
2025-04-23 22:56:49,"…낼 유심 새로 발급하러 가야함
sk 이….",0
2025-04-23 22:55:28,"해외 나갈일있으면 이거 또 풀고 로밍하라는 거잖아..
돈 받을거 다 받으면서 무료 유심 교체하는게
힘든일이었을까?",5
2025-04-23 22:54:54,유심값줘라 이놈들아 ㅡㅡ....유심+내정보값해서 피해보상 크게줘야한다거 생각합니다 정보털린놈들 피해보상 꼭 안해주고 죄송염 이라고 말더라...?,2
2025-04-23 22:54:22,님들도 유심 해킹 조심하세요,0
2025-04-23 22:53:57,"SKT 유심정보 유출 때문에 유심 잠금 설정하다가 핸드폰 사용 못하는 상태가 되어버려서 식겁했네요.
1시간 동안 애먹다가 유심카드 케이스에서 PUK 찾아서 간신히 해제했어요. 
여러분 PUK 번호 모르면 함부로 유심잠금 하지 마요.  
10번 잘못 입력하면 그 유심 아예 못 쓰게 된다네요.",0
2025-04-23 22:53:17,skt 고객센터 전화해보니까 유심 걍... 사비로 내고 변경하라고 하던데... 유심 변경을 보상해준다는 소리가 없더라....,0
2025-04-23 22:53:02,근데 이런거보면 유심 자주자주 바꾸는게 더 좋은거같네..,0
2025-04-23 22:50:23,모두 모두 유심칩 무료변경 요청하세요,0
2025-04-23 22:50:03,난 이 기사보고 가족 다 유심 바꾸라함 난 2년전 skt에서 lg로 바꿔서 그나마 다행인데,0
2025-04-23 22:47:15,니들이 유심교체비용 내 ㅅㅂ것들아,1
2025-04-23 22:47:03,"초기부터 쭈욱 SK만 사용해온 사람으로
이정도면 무료 유심교체하는게 맞다는 생각이 든다.
데이터 관리 못해서 털려놓고
불편은 고객에게 감수시키는건 무슨 경우냐

제대로 대응이 안되면 통신사를 갈아타든지 해야지 뭐.",10
2025-04-23 22:46:50,"급한대로 고기리한텐 내일 유심 바꾸라캤고 나는......................담주월욜까지 버텨야함
행운이여 나에게",0
2025-04-23 22:45:26,"평일 정시퇴근하면
유심 바꿔야겠다.",0
2025-04-23 22:44:37,유심이 어떻게 해킹됨?,0
2025-04-23 22:44:06,그러니까 털린 유심 싹 다 교체해줘야 하는데 모르쇠 놓는중이라 이건가?,0
2025-04-23 22:43:36,"유심 교체 하는 방법 밖에 없다, 교체 안 해도 된다.. 뭐가 맞는 거야ㅠㅠ
몇년전에 개인정보 털렸던 lg는 무상 교체 해줬다며..",7
2025-04-23 22:43:09,저도 유심 바꿀까 생각중이에요,0
2025-04-23 22:43:01,유심때문에 전화했는데 상담원님이 아직까지 피해가 난 건 없다구 ㅡㅡ 어떤 정보가 나간 줄도 모르더만 ㅡㅜㅡ 유심칩을 바꾸는게 맞나 싶어요 ㅠ 이것들아 7700원 유심값줘라,1
2025-04-23 22:40:18,"하.... 뭔 시발 유심 유출 이지랄 나서 개인정보 존나 팔리고(시발아)
애들은 별것도 아닌게 존나 부풀려져서 욕쳐먹고 있고
근데 난 오늘 ㄱㅁㄸ한 하루를 보냇으니까 ㄱㅁㄸ해요",0
2025-04-23 22:40:05,나 씨부레 SKT 통신사 쓰고 있는데 공지글 떡하니 올려 놓치말고 전 고객 상대로 유심칩 이나 교체해줘라,0
2025-04-23 22:39:52,"SKT 이 또라이들아
내 유심 어쩔건데ㅋㅋ
무상교체 해주셔야하는거 아니세요?",0
2025-04-23 22:39:50,"공계에 이런거 안올리는데 
내가 이거 하다 폰 그대로 공기계 되서 
전산 마감10분전에 부랴부랴 유심 바꾼 사람입니다..
해도114통화 될때 초기 비번 제대로 알고 하세요",4
2025-04-23 22:38:57,"이보십쇼 신나게 고객을 털자.
무색무취로 정보가 없어야 해킹당해도 아무런 쓸모가 없어서 버려지는데, 당사에 내 정보를 1바이트라도 추가하라고?

당사의 기술력은 유심보호서비스도 털릴 것 같아서 싫은데 'ㅅ'
그냥 유심 무상교체 진행하고 고객 정보 DB 갱신이나 하셈.",1
2025-04-23 22:38:15,유심 바꿔달라!!!!!!,1
2025-04-23 22:38:15,"잘자트친
유심교환내일못하겠네.......",0
2025-04-23 22:37:33,skt야 유심교체 무료해준다고 빨리 문자보내,0
2025-04-23 22:36:05,"동생이 간곳은 바꾸는 것이 안전 하다 했음
괴출로 치면  착친 브라운  몸에 택 달려 있는거라고 생각하면… 됨… 해커가 찾아가겠지요 개인정보 조합해서 님 폰고유 유심주소로….",1
2025-04-23 22:35:04,"폰을 못쓰니 넘무 무력해요... 저 게임도 못해요...ㅠㅋㅋㅋㅋㅋㅋ 오늘 9몽 토벌 시작날 일텐데 끄아악 
보안을 허투루한 SK를 강렬히 저주하고............. 그냥 유심 갈아주기 싫어서 그런말 하는거 아니에요ㅠㅠㅠㅠ!?",0
2025-04-23 22:34:44,맞아!!!!!!! 꼴랑 쓸데도 없는 포인트 주지말고 유심줘!!!!!!!!,0
2025-04-23 22:33:26,와 SKT 유심보호서비스 해지 하려다가 진짜 이 밤에 15분간 지옥을 맛 봄 미친,1
2025-04-23 22:33:21,진짜 몇 년을 비싼 통신비 내면서 썼는데....돌아온 게 유심정보유출로도 부족해서 알아서 유심 교체하라는 건가요? 고객 개인 정보는 아마도? 가아니고 100%로 보호받아야 하는거잖아요!!!!!!!!!!!!!!!!!!!!!,1
2025-04-23 22:33:17,아니 skt 이 새끼들 미쳣나 유심해킹?????,0
2025-04-23 22:32:46,내일 대리점 가서 유심교체할까...으휴,0
2025-04-23 22:30:46,유심 무상교체.,0
2025-04-23 22:30:24,소 잃고 외양간 고치는 격이나 다름없는데 이제라도 가입 고객 전체 대상으로 유심 무료 교체 책임지고 제공하세요 회사 손실만 손실입니까?,0
2025-04-23 22:29:01,유심교체나 무료진행하세요,0
2025-04-23 22:28:50,"유심에 개인정보가 안들어간다고. 하기에는. .. ...
유심에 핸드폰 고유번호가 들어가는 건데 개인정보가 아닌... 아닌거야........? 무슨.. 논리지.....................",0
2025-04-23 22:28:23,언제오는거야 알뜰폰 회선 바꾸려고 유심 새로샀는데 대전 간 이후로 갱신이 안됐네,0
2025-04-23 22:27:44,"나중에 이걸로 피해입어도 왜 유심보호서비스 가입안했냐 소비자탓할거같은데 
니들이 문자로 쫌!!!알리라고 이걸 내가 트위터로 알아야겠냐",0
2025-04-23 22:27:11,티월드 들어가서 유심보호서비스 그거 해야된대 그거 아니면 유심  교체,0
2025-04-23 22:26:59,PMS도 빡치는데 스크가 유심으로 곱절로 빡치게하네 내일 유심사러 나가야하나,0
2025-04-23 22:26:55,"유심 잠그라는 트윗
어둠인거 아님?
어떻게 이런",2
2025-04-23 22:26:39,유심 무료변경을 쳐 해...,3
2025-04-23 22:26:33,나 sk 쓰는데 진심 이새끼들이 스크 쓰는 사용자한테 유심 바꾸라고 지원해줘야 하는거 아님 ? ㅅㅂ 씹새들아,1
2025-04-23 22:26:29,통신사 유심유출때문에....이 밤에 무슨짓인지ㅋㅋㅋㅋ홈피 비번찾았는데 잠겨서 못들어가여.....내일점심까지 버텨야해여ㅜㅜ,0
2025-04-23 22:26:16,"걍 내일 유심칩 사서 바꿔야지 에효효,,",0
2025-04-23 22:26:14,"유심보호서비스 가입하려면 해외로밍 관련 서비스를 3개나 해지해야 하는데, 어차피 해외출국하려면 또 반대로 해야하는거 아닌가? 좀 어떻게 안되겠니?",1
2025-04-23 22:26:11,"긍까 내가 내일 신분증을 들고 대리점에 가야한다는거지?
난 유심없으면 교통도 이용못하는 상태인데?",3
2025-04-23 22:25:27,유심 다 털렸다는데 난 한국도 아니고 ㅋㅋㅋ 유심바꿔내 sk 씹새끼들아,0
2025-04-23 22:25:01,그냥 정보망 털린게 아니라 유심 정보 다털려서,0
2025-04-23 22:23:22,"난 분명 재설정한 비밀번호 입력 했는데 오입력이라고 해서  3번 다시 시도 했다가 다 실패

유심카드 뒷면에 있다는데 ㅠㅠㅠ 유심카드를 받은 기억이 일절 없어서 T월드 홈페이지로 급하게 들어가서 해결 할려고 했더니 공동/금융인증서가 필요하다는데",0
2025-04-23 22:23:21,유심 비밀번호 재설정 해두겠다고 난리쳤다가 결국 폰 자체가 잠겨버렸어요 ㅠㅠㅠㅠㅠㅠㅠㅠㅠ,2
2025-04-23 22:21:27,응 아니고 유심 무상 교체를 원합니다,0
2025-04-23 22:20:12,"유출시점부터 전 고객 유심무상교체해주세요!!!!!!!!!!!!
통신사에서 가장 중요한 유심개인정보 유출에 대해 책임있는 자세를 보여주세요. 복제폰우려라니요 7,700원 유심비 회피하고 책임지기싫어서 고객은 유심사용하는동안 계-속 유출에 따른 피해와 불안 속에 지내라고요? #SKT #유심교체",0
2025-04-23 22:19:57,"기존에 개인정보 유출된거랑 
이번에 유심털린거로 핸드폰 복제가 합쳐저 핸폰인증이 되면
대재앙 ㄷㄷ",1
2025-04-23 22:19:29,"끼발 나 내일 유심 교체해야왜 에스케이 미친놈들아 진짜로 내가 10년을 썼는데 
니들이 공짜로 바꿔줘야지 이 양아치 새끼들아",1
2025-04-23 22:19:12,일단 유심보호 가입은 해놨고 교체는 해야하는데 이 비용을 내가 내야한다는 사실이 빡쳐 장난해?,2
2025-04-23 22:19:11,"저 멍청짓 했어욬ㅋㅋㅋㅋㅋㅋㅋㅋㅋㅋㅋㅋㅋㅋㅋㅋㅋㅋㅋㅋㅋㅋㅋㅋㅋㅋㅋㅋㅋㅋㅋㅋㅋㅋㅋㅋㅋㅋㅋㅋㅋㅋㅋㅋㅋㅋㅋㅋㅋㅋㅋㅋㅋㅋㅋㅋㅋㅋㅋㅋㅋㅋㅋㅋㅋㅋㅋㅋㅋㅋㅋ
유심 보호 어쩌구 한다고 비번설정 하다가 유심 잠김 시발",0
2025-04-23 22:19:00,ㅇ<-< 엉엉 진짜 이번 기간에 유심 바꾸는거 청구비용 안물게 되야될거가타요,1
2025-04-23 22:17:53,이중 보안하려다가망해버렸다 ㅋㅋ폰 ㅋㅋ잠겼다 ㅋㅋㅋㅋㅋㅋ유심 비번하려다가 ㅋㅋ,1
2025-04-23 22:16:43,"애두라 혹시.
skt 쓰는 누님들
유심 교체하셨나요?",0
2025-04-23 22:16:08,"유심 안의 고유정보가 유출된 사건이기 때문에 내 유심에 비밀번호 백날 걸어봤자 전혀 도움 안됨

유심을 교체함으로써 새로운 고유정보를 발급받는 만이 유일한 해결책입니다",11
2025-04-23 22:15:48,이미 중국 어딘가에는 가츠동B가 살고있겠거니 싶었지만 개인정보 진짜 제대로 여행 보냈다는 생각이 드니까 황당하네 이자식들 유심 공짜로 교체해줘,3
2025-04-23 22:15:16,그쳐! 저 유심 써봤는데 넘 편했어요!!,1
2025-04-23 22:15:02,"일단 유심보호 신청은 해뒀는데
전고객 유심 무상교체 해달라고 상담도 넣어둠...",1
2025-04-23 22:14:20,나 sk텔레콤 쓰는데 한국갈때만 유심 끼고하는데 평소엔 대만 유심끼고 있는데 그래도 해킹이 되나.. 전문가들이 들으면 코웃음칠 소리겠지만 이런거에 정말 아무 지식도 없는 인간이라 답답하다 고객센터 전화해서 물어보면 가르쳐주나... 참 별게 다 해킹이 되고 이젠 화도 안 나려고함..,0
2025-04-23 22:13:30,엄마 차 블루투스 연결이 갑자기 안 된대서(어째서) 페톡으로 재설정 해드리고 skt 유심보호서비스부터 해보고 싶었다던 이런저런 온라인서비스 가입을 해드리고 나니 한 시간이 지남. 지척에 사는 무용지물 호적메이트...아오 진짜 대가리 때리고 싶어 아들 아끼다 똥 된다,0
2025-04-23 22:13:20,나도오늘 바꾸고왔는데 직원분도 어제오늘 유심바꾸러 엄청많이왔다고 오늘 하루종일 유심교체만하셨대(),1
2025-04-23 22:13:10,어차피 유심 새로 갈아끼기 전까진 기존유심 유지라서 쓰다가 배송 올 때까지 기다려도 됩니다 새로 온 거 바로 안끼워도 대염,0
2025-04-23 22:12:03,아니 뭐 어케야됨.. 하.. 유심 무료로 바꿔주냐? 어? ㅅㅂ,1
2025-04-23 22:12:00,"개어이없는게
유심사태로 s25로 바꿔드리는 프로모션 진행중입니다~ 전화가 왔거든요
근데 난 이미 s25+인데
뭐지
폰뺏어서 다운그레이드 시키겠단건가",0
2025-04-23 22:11:32,아니 근데 내가 왜 내돈주고 유심 교환해야됨? 사고는 이씹버러지같은 통신사가 치고 내돈으로 수습하라고? 진짜 버러지갗네,0
2025-04-23 22:11:30,"이거 절대 하지 마시고 혹시 비번 몰라서 안절부절 하고 계시다면
1. 유심 빼고 뱅킹앱 들어가서 공동인증서 발급(폰 인증 없어도 돼요)
2. 스마트폰>PC 복사(USB에 하세요)
3. T월드 로그인 후 MY>나의 가입 정보>PUK 번호 조회
4. 알아낸 PUK 번호 잘 기억해두기
이미 10회 넘으셨으면 유감...",54
2025-04-23 22:11:20,"망햇다....
유심 잠금하래서 방금 잠궜다가 비밀번호 몰라서 핸드폰이 잠김..
망했다... 공기계로 트위터하는 중인 상황이
으아아아앙 노트북에 공인인증서도 없어
발급하려면 문자인증해야해 말도안돼",3
2025-04-23 22:09:58,늦게 봤다.. 오늘 은행 관련 문자 인증했는데 내일 유심 바꾸러 가야겠다...,0
2025-04-23 22:09:30,난 sk는 아닌데 유심이 넘 오래된거 같아서 바꿔야됨,1
2025-04-23 22:09:06,"유심잠금설정하다가 그대로 폰이 잠긴사람...
내일까지 폰 못씀ㅠㅠㅠ
통신사홈피 이용해서 풀어보려다가 비번까먹어서 통신사홈피도 잠김ㅋㅋㅋㅋㅋ",3
2025-04-23 22:08:45,"sk는 쉬쉬하지말고 즉각 유심칩을 교체보상해주어야하며, 싱크홀은 지하철공사장 및 노후배관등을
조사해서 투명하게 자료를 시민에게 공개해야한다. 
우린 안전하게 살 권리가 있고 그런거 하라고 세금내는거다! 길가다가 갑자기 비명횡사하고싶지않다! 지하철공약도 그만해라! 수도권 어지간한곳은",1
2025-04-23 22:07:39,",,,,,,,,,
,,,,,,,,,,,,,,,,,,,,,,,,,,
,,,,,,,,,,,,,,,,,
,,,,,,,,,,,,
유심카드.. 버리셧겟죠,.,, ,,,
,,,,,,
,,,,,,,,,,,
내일 꼬오옥 대리점 들리시면되.....(ㅠㅠㅋ)",0
2025-04-23 22:07:31,유심 바꾸는거 얼마들지........,0
2025-04-23 22:06:32,유심비번 설정하다가 휴대폰 잠겨서 유심 그냥 뽑음.. 시발..,4
2025-04-23 22:06:28,skt는 당장 고객들의 유심 무료 교체 서비스를 진행하라!,0
2025-04-23 22:05:13,"아 몰라
유심 재발급 해줘",0
2025-04-23 22:04:18,SKT 해킹 유심보호서비스 교촌치킨 선물 부정,0
2025-04-23 22:03:39,"시발 핸드폰 유심 잠겨서 puk 알아야하는데 이걸 t월드 에서 조회가 되지만 공동인증서가 필요함 근데 인증서 가져올라면 폰에 있음 시발새끼들아 
대리점이나 은행가래 이시간에 어케가냐고",0
2025-04-23 22:02:20,아니그래서 혹시 번호이동 하면서 유심 교체하면 괜찮으려나....그렇게도 유심정보 변경할수 있는거변 이동할래 그냥............,1
2025-04-23 22:02:19,"유심 핀번호,....잠기신건가혀,,,,,,
유심핀번호 앵간하면 0000으로 알고잇긴한디",0
2025-04-23 22:01:41,"한국가면 해야될일
유심교체..... 할시간도없겠다 미친",0
2025-04-23 22:01:26,그러니까지금나는통신사해킹당해서내개인정보가다유출됐는데그공지를어플에만해주고따로연락이없어서직접확인해야하며유심보호서비스를가입하라고말만쳐해서내가유심보호서비스도가입했는데사실은도움이좆도안돼서유심을바꿔야하는데유심칩을바꾸려면내가직영점까지가서유심을쳐바꿔야한다는소리지?,5
2025-04-23 22:01:25,유심 교체 해줘 에스캐이녀석들아 나 10년단골이야 이자식들,2
2025-04-23 22:00:48,"아빠가 통신사 2n년 재직중이시고 퇴근 후에 저녁 같이 먹으면서 물어본 결과 유심에 크게 구애 받지 않느니 변경 하지 않아도 된다 합니다. 제 탐라 사람덜 참고...

sk 아닌거 아니냐<2n년째 sk 이용중인 vip입니다 가족 전부 해당 통신사 사용중임",24
2025-04-23 22:00:31,부모님이 그 통감사인데… 유심 교체하시라 해야 한다는 거죠 지금…?,0
2025-04-23 22:00:21,저정도면 근데 어플같은걸로 유심보호따위나 신청할게 아니고 … 최소 문자로 보내줘야죠….쩝,0
2025-04-23 21:59:05,ㄹㅇ 걍 유심을 무료 교체시켜달라고 ㅡㅡ 짭도리들진짜,0
2025-04-23 21:58:36,"유심값 달라고 이메일 문의쓰고 왔다.
최태원 이놈아 내 유심비 내놔라",1
2025-04-23 21:58:33,"Skt님들유심보호?그거햇어요??
해외로밍안된다길래난아직안햇음…",0
2025-04-23 21:58:28,그거햇는데또 해봣자이미털린건소용없대서그냥 유심을갈아야된대......고마워...,0
2025-04-23 21:58:27,하.... 유심칩 바꿔야겠네 ㅡㅡ,0
2025-04-23 21:58:25,걍 유심부터 빨리 바꾸고 오쇼잉,1
2025-04-23 21:57:36,"내일 해뜨면 빨리 유심 바꾸라는 걸로 요약.
아니면 할배 휴대폰 번호로 토스 인증 같은 거 할 수있음",0
2025-04-23 21:57:29,아니 솔직히 이번에 SKT 유심 정보 털린 것도 얼탱 없는데 유심보호 서비스가 무료라도 따로 가입하래 참나,0
2025-04-23 21:57:17,미친 skt야 돈 내놔라 유심 교체하게 미친거아니야 입 싹 다물고 있는 싹바가지 진짜 적되네,0
2025-04-23 21:57:00,"실랑이 한 끝에
유심을 바꾸려면
통신사에 연락해야 된대
나는 통신사를 바꾸는 게 아니라서
ㅠㅡㅠ...오래 기다려야 된대
알뜰폰이라 더 정신없네..",0
2025-04-23 21:55:30,이번에 SKT 유심정보 털린 게 주민등록번호 털린 것보다 훨씬 더 심각하지 않나? 사실 주민등록번호 털려도 큰 탈 없는 상당수의 이유가 핸드폰 인증 등에서 막힌다는 걸 텐데 유심정보 털린건 걍 그 사람이 이걸 맘대로 할 수 있을 텐데,731
2025-04-23 21:53:46,"SKT 해킹으로 USIM 정보가 유출

유심보호서비스 같은 달래기용 서비스 말고 USIM을 재발급 받는 것을 추천합니다.

유출된 USIM 정보로 해커가 복제 유심을 만들수 있고, SKT는 이상탐지가 감지 되면 차단한다는데 그걸 어떻게 믿습니까?

재발급, 내돈으로 하라는데???",0
2025-04-23 21:53:11,빨리 유심 바꿔야하는 거 아는데 솔직히 저 새끼들이 지들이 똥 투척해놓고 누구누구 똥 묻었는지 모르겠으니까 똥 닦을 티슈는 알아서 돈 주고 사라고 하는 게 진심 홧병 나는 것임,0
2025-04-23 21:51:51,"신정환 연예계 성상납 폭로 경찰 신고 접수

나가노 메이 자기계정 쿠키영상 당신의 역할 에이티즈 하츠투하츠 다마고치 챌린 치미케모 적정온도 유심보호서비스 플로리얼",0
2025-04-23 21:51:51,아 유심 교체 하는거 깜빡했다.... 아오 진짜 열받아ㅜㅜㅜㅜㅠㅡㅜ,0
2025-04-23 21:51:19,"우리가족이 대강 20년이상을 썼음;
유심칩 교체하고싶긴한데
사고는 니네가치고 수습은 내가?
내돈을 내고 내가??<-지금 이상태임
급한데로 유심보호서비스 넣고 엠세이퍼에서 명의도용방지 서비스신청 넣어놓음 
Sk는 정보털린 사람명단 빨리작성해서 무료로 유심칩 교체해줘라 입닦고넘어갈 생각말고",12
2025-04-23 21:50:59,유심 유출 뭐 어떻게 해야되는거지..,0
2025-04-23 21:50:25,나 어떡해 유심 교체해줘 스크 나쁜놈들아,0
2025-04-23 21:49:40,슬픔.  나오늘 결국 유심 내돈주고 바꾸고옴,2
2025-04-23 21:48:58,그럼 나랑 언냐는 SKT니까 차라리 통신사에 가서 유심칩 무료로 교체해달라고 해야 할 것 같은데,0
2025-04-23 21:48:18,진짜 큰일이네요… 지금 당장 유심 교체하고 추가 보안 조치 해야 할 때! 이런 정보 유출은 미리 막아야죠.,0
2025-04-23 21:48:10,저도 어제 공지문 보고 유심보호 서비스 가입했네요..무료라니 얼릉 가입 하세요~,0
2025-04-23 21:47:35,"최근 해킹으로 인해 결국 유심보호서비스 가입했음

아니 장기가입자로서 보안 뚫린 것도 진짜 어이 없는데 이걸 뉴스로 먼저 알았단 것도 그렇네

사과 보상으로 새 유심 교체 + a를 요구할 정도임",16
2025-04-23 21:46:50,"SKT의 유심 정보가 유출당해서, 그걸 이용해 복제한 폰으로 핸드폰인증 이것저것 뚫어보기가 가능해진...
개인정보유출이 된 적이 있다면 뭐.. 어서옵쇼 프리패스죠 ㅋㅋㅋ",2
2025-04-23 21:46:24,비번 모르면 유심 잠그지마세요 인증서 있으면 티월드에서 조회 가능하지만 없으면 신분증 들고 대리점 가셔야합니다 그리고 모른다고 계속 시도하지마세요 10번 넘어가면 유심 바꾸는 방법밖에 없다고했어요 제에발 PUK 번호 모르면 잠그지마삼,6
2025-04-23 21:45:52,"아 그렇게면 보통…
결제요금에서 유심값 깎아주는 방식을 쓸 것 같네요.
결제를 다시 환불하는 게 통신사 입장에선 수수료 손해라고 생각하겠죠 ㅋㅋㅋ",0
2025-04-23 21:45:52,"SKT 유심보호 서비스 헷갈리면 보셈 

Flame of Thrones FogoChain 유심보호서비스 배워본_예체능 놔라우닝 유심 교체 나가노 메이 바이올린 솔로 원아페 양도 우리의바다_제노야_생일축하해",0
2025-04-23 21:43:54,"난 패스 <-이것도 미심쩍어서 탈퇴했는데.
엄마 sk쓰는데 가서 당장 해줄수도 없고 대리점가서 유심이라도 바꾸랬는데 
하 좆같다 진짜 이걸 왜 소비자가 바꿔야함;;",2
2025-04-23 21:43:41,skt 유심 안바꿔주면 이번에 들어가서 통신사 갈아타야것다...,0
2025-04-23 21:43:19,나도 유심락걸린거 풀어주세요 하고 멍....ㅋㅋㅋㅋ,0
2025-04-23 21:43:04,관리 잘못한건 저놈들인데 왜 내가 움직여서 유심을 바꾸고 서비스를 가입해야하는거지 서비스 저거 하면 약정으로 산 폰 아니면 유심 꼈다가 벽돌된다는 얘기자나 엇저라고 진짜,0
2025-04-23 21:41:19,ㅜㅜ 그냥 통신사 대리점 가서 유심 교체하셔도 되는데ㅜㅜ esim 쓰시나요ㅜ?,0
2025-04-23 21:40:46,근데 유심 대부분 하자있으면 무상교체 해주지않음? 나 얼마전에 썩을놈의 유심 나가서 통신사에 교체하러가니까 이게 유심 불량이 좀 있다고 무상으로 교체해드리겟다고 근데 결제후 할인되는거라 계약서는 써주셔야한대서 이름 김 오 연 쓰니까 바로 꽁으로해주단데,3
2025-04-23 21:38:17,불가능한 소리를 너무 당연하게 하는데 유심 복제했다고 복제폰이 되는게 아님.. 뭐 가입하거나 할때 문자 인증이 되니까 위험하다는거지..,8
2025-04-23 21:37:53,"퇴근하고 집근처 PS&M 지점에서 유심 재발급받았는데 비용나와가지고 SKT본사에 전화했네요ㅋㅋㅋㅋ...
일단 상담사가 결제 내역 메일로 받았고 내일쯤 연락주겠다고 하는데 어찌되련지는...ㅋㅋ...",1
2025-04-23 21:37:42,이거 하다가 순식간에 폰 잠겨서 공기계 만들어버림... 이미 털린 유심 비번 설정하지말고 걍 내일 유심 하나 사세요ㅠ (갤럭시임),6
2025-04-23 21:37:09,SKT는 꼼수 부릴 생각 말고 전 고객 유심 무상 재발급 하라,19
2025-04-23 21:37:08,통신사가 SK인 분들은 이번 해킹 사건으로 SK측에서 '유심보호서비스'를 무료로 제공한다고 하니 개인정보 유출로 인한 피해를 막으려면 가입들 하세요.,4
2025-04-23 21:37:06,"딸이 데려온 댕댕이가 뭔가 이상하다 ㅎ

무사만루 자고 치마 바이올린 솔로 문자 기다리는중 제노 생일 고급야구 원아페 양도 배워본_예체능 유심보호서비스 레이예스",0
2025-04-23 21:36:46,"저런건 걍 방통위에서 긴급재난문자 보내야 하는 거 아니냐…
나라 절반이 SKT라 해도 과언이 아닌데 (난LG임)
저런 상황 벌어지면 전국 직영점, 대리점 다 가동해서라도 유심 무상으로 변경 해줘야 하는 거 아니냐고…
게다 eSIM이면 QR만 빠르게 다시 발급해도 제일 빨리 해결될건데 안 하지…",2
2025-04-23 21:36:30,유심이나 전고객 무료 제공해라,0
2025-04-23 21:36:18,니들이 나서서 유심 전면 교체해라(skt 이용자),4
2025-04-23 21:35:52,유심 바꾸는 비용 얼마 안되니 유심을 바꿔야죠.,1
2025-04-23 21:35:22,인용봐봐요 해도 유심 다른폰으로 못옮기고 해외로밍 막는데요,0
2025-04-23 21:34:26,정신없어서 유심 어쩌고 지금 찾아봐서 알았네…… 근데 말이 다 다름…..,1
2025-04-23 21:34:13,유심 칩 정보가 털리면 업비트나 바낸 비번도 싹 다 털린거랑 같은건가요?,2
2025-04-23 21:34:10,Skt 쓰는데 이번에 유심 관련 정보 유출 된거 관련해서 문자 안옴.다른 글 보고 알게됬고 앱 들어가니 거기만 공지 있던데...공식 샵이나 딜 광고 문자나 자주 보내면서..정작 중요한건 안보냄... 가입기간 10년 넘었는데.. 이동 할까..,0
2025-04-23 21:34:02,지금 해외에서 이용중인 사람은 자기손으로 유심보호 신청해서 로밍폰 자살시키라고? 이걸 해결책이라고 들고나왔냐 진짜 머저린가,2401
2025-04-23 21:32:39,내일 퇴근하고 유심칩 바꾸러 갈려니 기분 좆같네ㅆㅂ,1
2025-04-23 21:32:33,미리 유심 정보가 털렸는데 보호서비스라니,1
2025-04-23 21:31:10,저는 그대로썻다가 후에 화면전체가그렇게되어서 데이터옮기기안하고 걍 유심교체함,0
2025-04-23 21:30:37,그니까 유심바꾸고->서비스신청->핸드폰내 유심비밀번호 설정,1
2025-04-23 21:29:21,"요런 거는 유심… 히 보다가 그림도 그려 보고 아!!! 이느낌이구나!! 하는 깨달음이 올 때가 제일 즐거워요
그게 도파민의 원천이였던 적도 있음요",1
2025-04-23 21:29:00,시벌 유심칩 비번 설정하라는 것 보고 설정하려다가 PUK몰라 폰잠금 됨 시벌,0
2025-04-23 21:28:53,나어렸을땐 키즈락 유심칩 빼면 작동안해서 맨날 심빠고 놀았음... 더 크니까 안되길래 걍 공기계사서 놂ㅋㅋㅋㅋㅋㅋㅋ,1
2025-04-23 21:28:44,"낼아침에 전화해야... 유심도 바꾸고....
아귀찮아.....",1
2025-04-23 21:28:30,유심 바꾸러 간다 십새끼들,0
2025-04-23 21:26:53,"트친들 때문 x 
비계인용 때문 x
그냥 유심 때문 o
시험 때문 oooooo
중간고사와 함께 병행되는 존재에 대한 고찰 OOOO
저는 이런 걸 하루 안에 극복하는 편이므로 얼른 낼 극복해 오겠습니다 ...",6
2025-04-23 21:26:42,이런 skt쌰갈람들 진짜 유심교체 안해줄거면 걍 담달에 알뜰폰 넘어감 ㅅㄱ,1
2025-04-23 21:25:39,유심 바꿔야되나 근데 유심바꾸려고하면 돈내라고 하겠지 ㅁㅊ새기들????,0
2025-04-23 21:24:52,감쟈함미다 ... 너무 ... 너무 햄드네요 ... 갑자기 ... 저에게 찾아온 개 . 큰 . 유심 교체의 시대 ... ㅠ,0
2025-04-23 21:24:51,비싸게 받아먹었으면 유심 무료교체는 해라 ㅡㅡ,6
2025-04-23 21:24:46,"회사 사람들에게 SKT 사용할 경우 유심칩 교체를 고려하시라고 안내 메시지를 보내다가 
이것을 폰을 바꿀 절호의 찬스라고 생각하시며 사모님께 ""이거 봐, 폰 바꾸라잖아"" 하실 분들의 얼굴이 떠올라서
""폰을 바꾸시라는 게 아닙니다. 유심만 바꾸시면 됩니다""라고 한줄 더 보냈음.",42
2025-04-23 21:24:20,"하 유심 바꾸기 귀찮은데...
걍 개인정보 털린채로 살게요
솔직히 가져갈게 뭐있다고...",0
2025-04-23 21:24:20,"갑자기 우울해져서 ( 사유 : 유심 바꿔야 됨 ) 
내일 시험 끝나고 다시 계정 열게요 ... ㅠ",12
2025-04-23 21:23:22,유심 교환...해야겠지...,0
2025-04-23 21:22:52,유심 교체부터 해드리고 싶긴 한데 생각할수록 빡치네,0
2025-04-23 21:22:36,"엄마아빠 다 SK인데 털렸다니 신경쓰여서 유심정보보호서비스 가입했다. 마침 내가 있어서 가입은 했는데 로밍할 일 생기면 이거 해지하고 로밍 가입하고 그건 알아서 할 수 있으려나. 기업은 개인정보 털렸습니다 하고나면 책임도 없고 다 끝나는 건지, 개인정보 털리는 거 일상이라지만 화나.",3
2025-04-23 21:21:48,유심해킹당해서 내화면도공유될수있다니 오늘부터 히토미랑마리망정독들어간다,3
2025-04-23 21:21:44,ㅇㅇ 저도 유심을 아예 무료료 교체해달라고 의견 남겼어요. 두달에 한번꼴로 해외 나가면 데이터랑 문자 이심을 써도 받아야 되는데 ㅋㅋㅋ 무슨 유심보호를 해서 해외 로밍 사용을 제한한다는 말도 안되는 소리를.,0
2025-04-23 21:20:45,"가입, 해제가 한번만 끝나는게 아니고 이심 사용할 때마다 가입 해제를 반복해야 되요. 아님 통신사 로밍을 쓰던가..가입 해제 두번하다가 이상하다 싶어서 좀 알아봣더니 이러네요. 내일 고객센터에 유심값이나 달라고 할라고여..유심 바꾸는게 최선일듯..",0
2025-04-23 21:20:13,유심으로 추천함돠,0
2025-04-23 21:20:10,"이거 그냥 로밍 안되는거임
이름만 유심보호서비스고ㅡㅡ
유심 새거내놔 이새기들아!!!!!!!!",0
2025-04-23 21:18:42,"[공익트윗] SK텔레콤 유심(USIM)개인정보 유출 관련

유심관련 일부 정보가 유출되었답니다.
이미 사건이 발생한지 4일이나 지났고 정확한 규모는
파악중이랍니다.

유심정보를 알면 나랑 똑같은 폰을 복제 할 수 있는거고
저의 모든 폰 정보를 공유할 수 있는 거예요.

일단 T월드 접속하셔서",12
2025-04-23 21:17:54,아 열받아 유심 무슨 번호설정하다가 핸드폰 잠겼어 하ㅋㅋㅋㅋㅋㅋ,2
2025-04-23 21:16:19,하 미치겟네 저 통신사인데. 돈내고서라도 유심 교체 해놓는게 맘 편할듯ㅠㅠ,4
2025-04-23 21:15:59,"로봇의 반란

에투메 콘서트 놔라우닝 푸팟퐁커리 하마 바이올린 유심보호서비스 고급야구 유심 교체 부산 원아페 모리스 폴라 교환 다마고치 챌린",0
2025-04-23 21:14:19,SKT 가입자 해킹사고가 있다고 해서 유심보호서비스를 가입하긴 했는데 외려 떨떠름한 기분은 뭐지. 난  T world 도 안쓰다가 이 서비스 신청한다고 회원가입해야하니  개인정보가 앞으로 막고 뒤로 털리는 기분이랄까.,0
2025-04-23 21:14:11,"유심 비번 설정하래서 그거하다가 pin 번호틀려서 폰잠김..ㅜㅜ
낼 대리점가서 풀어야만.ㅠㅠㅠㅠ",6
2025-04-23 21:12:59,유심 재발급 1회 무료로 지원해라 나쁜넘들아,1
2025-04-23 21:12:57,유심 바꾸라는겨 말라는겨….,0
2025-04-23 21:12:44,여보 유심보험서비스 가입 안 하셨으면 꼭 하십쇼!!,0
2025-04-23 21:12:28,"유심보호서비스 가입 시키기 위한 전략 아니였을까?

생각하는중",1
2025-04-23 21:11:27,아이거는진자 유심다바꿔줘야대는데,0
2025-04-23 21:10:22,"배인혁 군더더기 없는 일 처리‘튀김왕자’ 등극 길바닥 밥장사

인기상 투표 티니핑 유니폼 시즌 1호 삼자범퇴 미니냉장고 배워본_예체능 에투메 콘서트 적정온도 쿡스쿱스 유심보호서비스",0
2025-04-23 21:10:02,"추가로 어떤 피해가 발생할수잇나(복제폰 등...)를 물었는데 해킹관련 정보유출 피해 규모를 말씀해주시더라고여 가입자 식별번호, 유심카드 자체 식별번호 이런게 털렷다고... 이름, 주민번호 등은 안털렷더욘 !! 하셧습니다 그게 궁금한건 아녔지만 상담사분 힘들어보이셔서 걍죽닥치고끄넛어요.",3
2025-04-23 21:09:15,ㅋㅎ회사가야해서 유심 갈러 가지도 못하는데...,3
2025-04-23 21:08:56,일단 유심은 다 무상으로 갈아줘야하는거아녀..?,1
2025-04-23 21:08:56,에휴 일단 유심보호서비스 가입해둠,1
2025-04-23 21:08:30,사유 : skt 입니다 ... ^ㅠ ... 낼 시험 다 보고 유심 갈아야 하나 ... ㅠ ...,4
2025-04-23 21:07:49,"님들 skt 고객센터에 이번사건으로 피해를 입었으니 유심무료교체 해달라고 고객센터에 항의글 꼭 넣어주시길 바랍니다
쟤네가 잘못한건데 내돈내산으로 유심교체하는건 넘 열받는거 같아서요 ㅋㅋ",90
2025-04-23 21:07:26,유심 어쩌지 진짜...,3
2025-04-23 21:07:01,열받아서 고객센터 뮨의하고옴 ㅡㅡ 유심 무료교체로 보상해라 skt!!!!!!,12
2025-04-23 21:04:51,"아니 이 정도면 굳이 고객이 직접 설정하지 않아도 유심보호서비스 가입되게끔 일괄 적용하라고
어르신들은 할 줄 모르실 거 아니야",1
2025-04-23 21:04:42,"좀 다른 이야기지만 모두들 알뜰폰 쓸 의향 있다면
혜택 좋은 거 가입해서 최소 유지기간(=보통 혜택 유지기간이랑 같음)만 유지하고 바로 유심교체해서 싼 걸로 갈아타고. 하시는 거 추천드립니다. 번호 바꾸기도 쉬워요",17
2025-04-23 21:04:11,유심바꾸기…,0
2025-04-23 21:03:41,"SKT 전화해봤는데여

Q. 유심 보호 서비스 별 의미 없단 말이 많던데 유심 교체가 제일 나은 방법이 맞는지?

A. 유심 교체로도 조치 가능하지만, 유심 교체는 보호 서비스와 동일하게 임의 사용 방지를 하는 부분이기에 유심 보호 서비스 가입으로도 충분하다. 

라고합니다 근데 무상교체 안해줄라고",20
2025-04-23 21:03:37,유심 왜 안 읽히지? ㅠㅠ,6
2025-04-23 21:03:14,Skt가 유심칩 무료로 교체해줘야하는 거 아님????????지들이 털려놓고 왜 입꾹다물고있는데,0
2025-04-23 21:02:02,유심 문의 어케 넣음 미친,0
2025-04-23 21:01:33,"요금제도 결코 싸지 않으면서
유심 하나씩을 안바꿔주냐 이샛끼들아",2
2025-04-23 21:01:20,그냥 유심 교체하래 다같이 교체해라,0
2025-04-23 21:01:13,"아 샹 나 skt쓰는데;;;;;; 싸갈 다들 확인한번씩하세요
Skt 유심정보 털렸대요",7
2025-04-23 21:00:24,SKT에서 유심 교체를 해주는게 맞다고...,4
2025-04-23 20:59:14,여러분 유심칩 갈면 새로운 유심칩으로도 지금까지 있었던 정보 그대로 핸드폰에 저장되어 있나요 ...?,3
2025-04-23 20:58:23,+ 폰 안에 자료 날아가는거 없으니 백업 안해도 되지만 유심에 전화번호 저장하는 사람들은 꼭!! 옮겨놓으세요 [연락처 - 三 - 연락처 관리 - 연락처 이동]에서 옮길 수 있습니다,218
2025-04-23 20:57:12,전 지금 가족로밍 한달짜리도 묶여있어요... 그거 유심보호서비스인가 뭔가도 못 듦... ㅡㅡ 진짜 넘 빡쳐여,0
2025-04-23 20:56:48,유심 샀수....,1
2025-04-23 20:56:28,서비스 이딴게 아니라 유심을 무상교체해줘야될거아냐 엄마꺼 바꿔줘야대서 골치아프네,0
2025-04-23 20:56:21,나 skt인디 기사보고 바로 유심 보호서비스 신청함,0
2025-04-23 20:56:18,"진짜 염병이다
유심보호서비스 뮤ㅓ 신청하라길래 했는데 의미없다는 말도 많고 아니 이런 정보를 왜 여기서 겨우 알아야하는자도 의문임",0
2025-04-23 20:55:13,"유심 자체에는 개인정보가 없습니다! 다만 유출 된 것으로 추정되는 정보가 유심정보라고 하는 HSS 와 Ki 인데다 유심 주인과 매칭되는 휴대폰 번호, 생년월일 까지 털린것이기에 이것들을 조합하면 무궁무진한 피해를 만들 수 있다는 점이 시사점인것이지요",3
2025-04-23 20:54:59,"하..이거 하다가 밑에 안읽어서 유심 잠김,,
내일 대리점 가서 유심 초기화 시캬야됨^^
잘 좀 보고 하자고 라라야,,,ㅋㅋㅋ",1
2025-04-23 20:54:38,아니근데 skt는유심정보가 털렸으면 유심교체를 최소한의 보상으로 잡아야하는데 입싹닫고있네 ㅁㅊ새끼들인가ㅋㅋ,1
2025-04-23 20:54:31,장기적으로 유심을 교체하는것이 근본적인 해결이겠지만... 당분간 갑자기 본인의 휴대폰이 통신불가상태가 되거나 요청하지 않은 문자인증 등이 오면 즉각 신고합시다...,0
2025-04-23 20:53:45,SKT는 고객들에게 무상으로 유심교체 해야한다.,0
2025-04-23 20:53:32,"트친님들보세요..
이미유출된정보는 소용없긴한데
다른기기에서 유심쓰는건 막는다네요",3
2025-04-23 20:53:25,"""해커가 탈취한 개인정보를 활용해 새로운 유심칩을 개통하고, 이를 공기계 상태의 휴대폰에 끼워 피해자의 문자와 전화 통화를 대신 받아 은행이나 가상화폐 계좌까지 손을 대는 것이다.""",0
2025-04-23 20:53:10,"유심 보호서비스 무상으로 오픈할테니 알아서 자율 신청해라마라 요지랄 떤거까지만 뉴스 봤음 미친 스크텔레꼼",0
2025-04-23 20:52:50,하 진짜 개퐝당혀ㅠㅠㅠㅠㅠㅠㅜ 위약금이 유심가격의 5~6배더라 ㄱ-,0
2025-04-23 20:52:32,"skt 쓰시는 분들 진짜 빨리 유심교체하세요
skt 쓰는 친구 연고 없는 지방 은행 본인확인 문자 오고 있어요",1
2025-04-23 20:52:06,근데 유심 바꾸면 번호 바뀌지않ㅇ나??  엄마가 skt더라 젠장~,0
2025-04-23 20:52:00,무엇을 할 수 있고 할 수 없나... 유심이 핸드폰에서 분리되었을 때 스마트폰에서 문제없이 이용가능한것들은 기본적으로 무관하다고 볼 수 있겠습니다...,0
2025-04-23 20:51:30,스크는 걍 닥치고 유심이나 무료로 교체해 개빡치니까,12
2025-04-23 20:51:00,"SK 유심 정보 다 털린마당에 SK 유저들은 돈다 현금화 하고 그냥 계정 묶어놔 ㅋㅋㅋ 천만명 한꺼번에 해킹 요지랄 뜰라 ㅋㅋㅋㅋ",0
2025-04-23 20:50:59,"skt 아직까지 무상 유심교체로 일단 보상하겠단 공지가 없다. 유출된 정보의 이용을 막으려면 유심 교체가 최선인데 뭔 되도않는 보호서비스 무료 가입 선심쓰듯 공지에 끼워넣고.
이런 쓰레기를 봤나.",18
2025-04-23 20:50:52,하 아ㅏㅏㅏㅏㅏㅏㅏㅏ 유심 바꿔야 하나,0
2025-04-23 20:50:51,골아파 석고대죄쇼하고 유심 무상교체나 빨리해주길 …,4
2025-04-23 20:50:41,기본적으로 유심은 복제된다하여도 동시에 하나의 통신기기에서만 사용될 수 있기때문에 실제로 유심이 복제되어 사용되면 여러분의 핸드폰이 통신불가상태가 되는걸로 알고있습니다...,1
2025-04-23 20:49:53,핸드폰을 복제해서 나랑 똑같은 화면을 볼 수 있다... 이거는 제가 알기로 아닙니다... 유심이 연동되는것=전화번호 연동되는것=전화/문자라서 상관이 없습니다... 다만 계정탈취는 일어날 수 있는 문제인게 2차인증때문인데 이게 ARS와 문자 등으로 이루어지기때문...,2
2025-04-23 20:48:49,"하...일단 기다려보고 나중에 유심 바꾸던가 해야지...
바꾸는 거 지원 안해주면 본사 찾아갈거임 ㄹㅇ",1
2025-04-23 20:48:21,하......솔직히 폰 살때 유심 바꿔줘. 폰이 얼만데 유심정도는 그냥 끼워줘라 미친것들아 ㅠ,0
2025-04-23 20:47:17,"skt 쓰시는 분들 일단 유심보호서비스 가입하고 이메일 문의로 들어가서 유심 무상변경 요구 문의 넣어요!!

당연히 해줘야 하는건데 대처하는 꼬라지...",755
2025-04-23 20:46:40,아 ㅋㅋㅋㅋㅋㅋㅋ아맞아 ㅋㅋㅋㅋㅋ 난 집이 수도권이지만 산 아래라 데이터 안잡히는줄 알았는데 이 거지같은 유심탓이더라. 갈아탄 후로 내 데이터 못써서 곤란한적x,0
2025-04-23 20:46:31,무료로 유심 변경 해줘야됨 비번 설정도 해놓기는 했지만 찝찝하다,0
2025-04-23 20:46:24,"바보짓해서
유심을몼쓰게됨",0
2025-04-23 20:46:00,"걍보호서비스신청하몀되세여
티월드들가서유심보호서비스 ㄱㄱ",0
2025-04-23 20:45:48,"피해 없는거 맞아? 이런 ㅆ 
이날 SKT 내부망 유심털림",5
2025-04-23 20:45:28,회사 공중분해 되기 싫으면 유심 무상지원해준다고 공지내는게 ㅈ좋을듯,50
2025-04-23 20:45:10,저 정도면 무료로 유심을 바꿔주는 것이 맞지 않아요? -_-,1
2025-04-23 20:44:36,왐마야 유심에 그런 기능도 있구나;;;; 진짜..진짜로 통신 3사 싸가지 조때자기야.,0
2025-04-23 20:41:19,근데 ㄹㅇ 지들이 보안관리 못해서 이 사달 난 걸 왜 소비자가 개귀찮게 해결해야되지??? 유심 전량 교체 지원이 맞지,1
2025-04-23 20:41:10,진짜 돌겠네 유심 바꾸러가야되냐고,0
2025-04-23 20:40:56,ㄹㅇ 나전에 유심 거의 10년? 가까히써서 인식 잘 안되서 가보니까 유심이 낡아서 그래용 하길래 아 그럼 바꿔주세요 하니까 ....굳이요? ㅇㅈㄹ함 그 모든 거지같음 덕분에 U+ 10년 버리고 알뜰로 갈아탔음,6
2025-04-23 20:39:53,"찾았다 공식 계정
유심 무료교체를 지원하던가
유심 교체 가격을 깎아주던가",98
2025-04-23 20:39:30,"장모님이 유심칩바꾸고온다는데
만원도못주나?",3
2025-04-23 20:38:58,한마디로 유심 바꿔주기 싫어서 작동 방식을 잘 모르는 사람들한테 가짜 해결책을 주고 진정시키려는거임,167
2025-04-23 20:38:34,이게다솔라스때문이야 솔라스만원만줘  장모  유심칩바꾸고올테니,4
2025-04-23 20:37:56,"볼 수록 개빡치네..
해외였으면 부도나도 이상하지않을상황인데
안내문자 하나 안보내?
유심교체 할 때까지 끝까지간다",7
2025-04-23 20:37:26,Skt는 빨리 유심 무상 교체해줘라,0
2025-04-23 20:36:29,"아니 유심 바꿔드릴게요 제가 찾아뵙겟습니다 죄송합니다 대가리 박아도 모자랄판에
ㅈㅅ ㅋㅋ 원하시면 신청하시긔 ㅋㅋ
SKT 싸가지좃되네",0
2025-04-23 20:36:20,sk로 바꾼지얼마안돼서 유심약정잇는데 ㅋㅋ..,0
2025-04-23 20:36:19,이건 통신사 차원에서 유심 재발급 후에 전고객에게 배송해줘야하는 거 아닌가…,0
2025-04-23 20:36:17,하 진짜 귀찮아.....급한대로 보호신청했는데 유심 언제 바꾸냐,0
2025-04-23 20:36:14,skt 무료유심 교체 어디까지 왔나~~,2
2025-04-23 20:34:31,"나라면 지금 당장 유심바꿔,, 왜 무상교체 언급이 없어..?",0
2025-04-23 20:33:30,난 원래도 유심 바꿨어야 해가지고 계속 미루고 있었는데 걍 이렇게 화제가 된김에 가서 유심 바꾸고 옴 7700원 들었음,1
2025-04-23 20:33:28,내일 엄빠랑 내꺼 유심 교체하러 가야겠네 아오,0
2025-04-23 20:33:21,"지난 19일 SK텔레콤 유심 정보 유출된 거 아시죠.
유심보호 서비스 무료라니까 빨리 가입합시다.

위에 링크 누르시면 바로 가입 페이지 나와요.
혹시 링크 누르기 싫다면 t world 들어가세요.
공지에 가입 링크 있습니다 :)",6
2025-04-23 20:32:41,"티월드 이메일 상담하기로 문의 넣고옴. 솔찌 유심변경은 해줘야하는거 아님? 
털린지는 19일인데 오늘에서야 뉴스뜬거임? 양심 나가리네",4
2025-04-23 20:32:04,이미 유출됐는데 보호하면 무슨 소용인가요. 무료로 유심을 제공해줘야죠. 정말 무책임한 기업이네요. 대처가 미흡하다면 앞으로 다시는 안 쓸것이며 가족과 주변인들에게도 skt가 아닌 다른 통신사로 옮기자고 권유하겠습니다.,37
2025-04-23 20:31:49,"skt 해킹 안내 공지에 오전중에만 해도 유심보호서비스 링크중 하나가  지금은 사라졌네. 
내가 꼰대인지 몰라도 이렇게 중차대한 사항에 누구나 사용하는 단축 url 서비스로 주소를 제공하는건 좀 아니지 않나 싶다.",0
2025-04-23 20:31:47,"근데 유심 교체 해줄때까지 언제 기다려
냅다 모르쇠 시전하다가 만약 해준다 한들 한참 후에나 해줄텐데",0
2025-04-23 20:31:10,유심은 핸드폰 대리점 가서. 유심보호는 티월드에 들어가서 하면 됨. 일케 뜨거든 이거 눌러서 가입하면 돼,0
2025-04-23 20:31:09,내일 유심 사러 가야겠다..,1
2025-04-23 20:30:59,그냥 유심칩을 무료 교환 하라고,1
2025-04-23 20:30:16,SK는 무상으로 유심 교체를 진행하라,3
2025-04-23 20:29:41,난지금 유심칩 바꾸지도못하는데 어떡함,0
2025-04-23 20:29:41,하 유심 바꿔야해 전체 문자 공지 안때린게 제일 괘씸함 너네 다른 회사도 아니고 통신사잖아,0
2025-04-23 20:29:28,나도 skt라 일단 공지에 나온 서비스도 신청하고 패스로 명의도용방지도 걸긴 했는데 이건 진짜 유심 무상 교체를 해줘야하는 사안이라고 생각함......,1
2025-04-23 20:27:43,해커들이 없엇으면될일인데 이런나쁜사람들!!!!! 아나진짜공부하느라머리깨지겟는데유심인지뭔지도신경써야돼지금,0
2025-04-23 20:27:26,하 울집 다 스크인데 다같이 가서 유심 바꿔야하나,1
2025-04-23 20:27:00,ㅁㅊ 내유심ㅁ털린거니그런거니 제발 .ㅋ,0
2025-04-23 20:26:26,아니 유심 벌써 왔네,0
2025-04-23 20:26:01,skt는 뭘 어떻게 하면 유심정보를 털리는가,0
2025-04-23 20:24:22,최근에 갑자기 스팸문자가 엄청 왔는데…아앗 아 유심 바꾸면 좀 좋아지나요 이미 번호 털린거라 의미없나,39
2025-04-23 20:23:46,"아니 보험전화 ㅈㄴ오는데
이것도 유심때문인거야..??",1
2025-04-23 20:23:44,유심 바꿔도 번호는 그대로 쓸수잇나...? ㅜㅜㅜㅜ하 존나 개스케이티 새끼들아,0
2025-04-23 20:23:35,돌아다니는거 보니까 보호서비스는 임시방편이나 될까 싶어요 유심정보까지 털린거라ㅠㅠ,0
2025-04-23 20:23:34,"아니 로밍 내리고 유심 보호 들어
유심 보호 내리고 로밍 들어 난리났네 아주
근데 유심 보호 해지할 땐 또 본인인증 쌈바를 춰야된다고?? 이따구로 할거면 유심 보호 왜하는데 skt쓰니야.......",0
2025-04-23 20:23:24,skt 이 새끼들 내가 10년 장기고객인데 유심 안 바꿔주면 kt로 갈아탄다,0
2025-04-23 20:22:41,"님들 나 개*됨
심카드 보안 어쩌고 따라하다 비번 내마음대로 쓰면 안 되는 거 7번 실패하고 앎 다행히 탭 있어서 트위터라도 하고있는데 개시댕 유심카드 사고 구멍난 플라스틱 쪼가리 버렸는데 내일 대리점 가야겠네",0
2025-04-23 20:21:28,"ㅅㅂ skt 쓰는데. 유심 무상 교체는 물론이고, 통신비도 몇달치는 무료로 해야하는 거 아님??",0
2025-04-23 20:21:08,"내유심정보갖다가각종개쉽스러운범죄에악용될만에하나의상황을영원히가정하며유심안바꾸고그냥살기
VS
쉽.    스런 기분으로 개쉽스러운대중교통에끼여서30분처, 간다음 skt 직영점가서 7700원내고 유심바꾸기

당신.   의 선          택           은 ?
씨발",3
2025-04-23 20:20:10,아니유심교체 7700원이야? ㅅㅂ 지들이털렸으면서왜고객보고내라고지랄임 지랄하지마셈,1
2025-04-23 20:20:10,편의점에 유심사서 교체하는게 더 빠름 sk   생각개짧네,1
2025-04-23 20:19:58,유심.. 너무 하네요 sk. 무책임 무능력 딱 현수준인듯 ㅠ,1
2025-04-23 20:19:58,"당장 유심 무상교체 공지를 내려야죠.. 다 털리고 뭘 보호하나요. 우리는 이제 내 폰이 누가 보는지 어떤 정보가 털리는지 불안해해야하는 데
 ..  그냥 skt 싫으면 나가란 건가요?",25
2025-04-23 20:19:51,"오늘 대리점 가서 교체하고 왔는데

1. 변경 이유 물어보길래 이번일 말했더니 유심에 개인정보가 들어있는게 아니라서 꼭 바꿀 필요까진 없다 하시더라 그래도 내 마음의 안녕을 위해 해달라함
2. 금액은 7700원 다음 폰요금에 추가
3. 보호서비스 해지 안하고 가도 됨
4. 핸드폰이랑 >>신분증<< 필수",4284
2025-04-23 20:19:26,아니..어케바꿈?나이거통신사바꿀때만유심바꿔봣는데,1
2025-04-23 20:18:52,"하...,.유심사러가야지....^^.....하루도 조용한 날이 없네 시바새끼들",0
2025-04-23 20:18:30,유심교체 어케해야함,1
2025-04-23 20:18:10,유심 바꿔야하나,0
2025-04-23 20:17:00,"유심이 다 털렸는데 뒤늦게 보호서비스 가입하면 뭐하나요? 뭐 집 다 털리고나서 자물쇠거는건가?
휴대폰 개통하고 쭉 이용했는데 SKT의 보안소홀로 이번 일이 발생했는데 무상으로 교환해주던가 지원을 해주세요.
요즘 폰으로 다하는데 불안해서 어떻게 씁니까?",4
2025-04-23 20:16:44,마 무료 유심 교체 가보자고,3
2025-04-23 20:16:27,"SKT 이 개같은
오늘 7,700원 주고 내 돈으로 유심 교체하고 옴.
다음달 요금에 청구된대 ㅋ..ㅋ...ㅋㅋ

그래도 빨리 교체해 얘들아. 동네 SKT 대리점 가면 친절하게 해주더라. 
명의도용 방지 (무료) 서비스 신청해서 내 명의로 핸드폰 개통 막고

휴대폰 환경설정에서 유심에 비밀번호 설정해.",1180
2025-04-23 20:15:52,"유심 바꿈
망할 에스케이티
손배청구나먹어라",9
2025-04-23 20:15:43,"유심 바꾸러 언제  처                      ,  가",2
2025-04-23 20:15:40,"아 미친... 이거 왜 공지 문자도 안옴...

유심칩 무상변경 문의 넣어야겠다... skt 사용하시는 분들 같이해주세요ㅠㅠㅠ 통신사 변경한지 얼마 안지났는데....",3
2025-04-23 20:15:16,피해 규모 확인이 어려워서 유심 무상 교체 계획이 아직까진 없다 이런 소리 말고 그럼 이용고객 전부 요금에서 유심값 빼주든가 하시길,0
2025-04-23 20:15:15,"유심 보호 서비스 누군 가입해라 누군 안하는게 좋다 이러고있어서 일단은 명의 도용 방지서비스 설정해둠
그래서 누구 말이 맞는건가",0
2025-04-23 20:14:52,"어른들이 먹기 싫어하는 밥

에투메 콘서트 프리파라 콜라보 삼자범퇴 우준이님 오블리비언 CU 쿠폰 무도키즈 유심보호서비스 교촌치킨 선물 무도 외계인",0
2025-04-23 20:13:33,"sk 유심 교체만이 정답인가,, 칠천원인가 아까운데~,,,",0
2025-04-23 20:13:26,세븐틴 skt 쓰는 친구들 귀국하자마자 유심 바꾸세여,2
2025-04-23 20:10:58,"내 핸드폰 유심칩 얼마나 썼지 
8살때 누가 내 폰 훔쳐감 학교에서 
그래서 그때부터 썻으니 16년썻네",1
2025-04-23 20:10:25,"skt 해킹때문에 이것저것 일단 조치할 수 있는것들 찾아보는데 할 수 있는데 T world에서 유심보호서비스 가입하는 방법밖에 없음
카뱅이나 pass에서 명의도용방지 서비스 가입하란 글도 보이는데 생일이 안지나서 미성년자라고 가입 못한다고요
뭐 청소년은 걍 털리라는거야 뭐야",8
2025-04-23 20:09:56,유심교체가 젤 빠를거 같아서요... 저는 baro 요금제가 있어서(해외여행용) 저 서비스 어차피 이용 못해요... 유심 비번 걸어놓은것만 믿고 있어요 ..,0
2025-04-23 20:09:43,"온세상이그냥진스다
유심필요한거 어떻게 알고 날이렇게 설레게해",0
2025-04-23 20:08:29,"오늘 탐라네 skt관련 트윗들 보일 때마다 리튓하는건 네 제 폰이.........
쉴 때 유심칩 바꾸러 가야지ㅠㅠ",0
2025-04-23 20:08:21,"어느세월에 또 가서 유심을 바궈
이런 쥐엔장~",2
2025-04-23 20:08:00,"이거안되겠네 유심 무료 제공 조치도 아니고 
주변 어른분들 sk인분 많은데  다른회사로 갈아타게끔 직접 도와드려야겠다..  10~20분이면 타사 유심교체 뚝딱인데
고객이탈보다 그게 아깝네보네",7
2025-04-23 20:07:59,하 샹 뭐어쩌라는거야 알아서 유심 무료로 변경하게 배포하는가 하라고 뭔샹..,0
2025-04-23 20:07:38,유심 원가 물가 상승 감안해도 2000원도 안함 매달 기본료를 얼마나 받아먹는데 ㅅㅂ 이걸 무료제공을 못해?,1
2025-04-23 20:07:24,하시발 skt는 빨랑 유심교체 무료로 진행해라 개빡친다 진짜,1
2025-04-23 20:07:05,유심언제바꿔시부랄,0
2025-04-23 20:06:53,걍 무상으로 유심 교체나 지원해달라고,1
2025-04-23 20:06:09,"유심이 털렸는데요, 피해가 확산되지 않을 것 같다니...",0
2025-04-23 20:05:39,.......유심 바꿔야하나...,1
2025-04-23 20:04:56,"오!! 감사합니다!!!
빨리 다들 신청하세요!!
그래도 불안하신 분들은 유심 다른걸로 변경하새요!
지금도 할수 있다니 꿀팁입니다 !!!! 감사합니다!!!",3
2025-04-23 20:04:40,하...일단 동생이랑 엄마 (저는 귀국시기가 달라서 달.ㄴ 통신사) 유심 변경 내일 나랑 교대하면 하기로 했는데... 아니 이런 고지를 이용자들이 sns로 알아야한다고... 취약계층은 어케 하라고 정말,0
2025-04-23 20:04:30,puk 해제코드 걸려서 유심 바꾸러가게생김 아오,1
2025-04-23 20:03:52,이미 해킹된 유심 보호해서 뭐할 건데 대체. 어이가 없네 진짜,0
2025-04-23 20:03:09,일단 아빠한테 가입하라고해땅ㅠ ㅁㅠ)...유심바꿔줘야지 못난이통신사같으니라구,0
2025-04-23 20:02:58,SKT 쓰고 있어서 봤는데 무료로 유심보호서비스 바로 신청가능!!공지에 유심보호서비스 가입하기가 보라색으로 써져있어서 그거 눌러서 신청하면 무료로 바로 됩니다!!!,150
2025-04-23 20:02:07,"Rt
이정도면 유심교체 비용 지원해줘야하는거 아니냐",0
2025-04-23 20:01:39,피해 고객들 전원 무상 유심 교체를 해줘도 시원찮을 판에 유심보호서비스 무료가입 권장ㅋㅋㅋ이번 해킹 관련 공지도 T월드 앱이랑 홈페이지 팝업만 띄워놔서 뉴스 보고 알았는데 전체 고객한테 알림문자조차 안 보내고 장난하니?,17
2025-04-23 20:01:07,"씨발
사람들이 유심비밀번호 설정하라는거야
기본 설정된 비번 몰라가지고 암거나쳣다가 폰 먹통돼가지고 
ㅈㄴ게 뛰어가지고 대리점 문닫기 5분전ㅇㅔ 풀어달라고 싹싹 빌엇잔아 ㅜㅜㅜㅜㅜㅜㅜ",0
2025-04-23 19:59:26,망했 지금은 늦어서 유심 못바꾼데,3
2025-04-23 19:59:20,....유심...교체해야하나...?,2
2025-04-23 19:59:18,유심 무료로 바까달라고~~~~~,0
2025-04-23 19:59:09,"지혼자사과하면뭔소용임
광고처럼문자보내줘야지
앱안들어갔으면몰랐네
사과필요없고당장유심교체해주고
보상해라",7
2025-04-23 19:58:44,이거 해도 이미 개통된 유심(현재 사용중인 내폰꺼) 복제하면 대포폰 되는거지..???,0
2025-04-23 19:58:42,데이터로밍차단 해제 하고 유심 저거 하면 됩미당,0
2025-04-23 19:57:46,"금일 오후에 PS&N 지점에서 유심 재발급하는데 재발급 비용 청구가 발생되었고 현장에서 카드 결제하였습니다
해당 부분에 대해 SK텔레콤 고객센터에 문의하였고 담당 상담사에게 결제 내역을 첨부 발송한 상태라 내일쯤 답이 오지 않을까 싶네요
유심 재발급할때 이 부분을 강조해서 처리하면 될듯...",3
2025-04-23 19:57:27,유심칩 바꾸라던데,0
2025-04-23 19:56:32,"블루베리 서리하고 당당하게 글 올린 사람

안해두댐 교촌치킨 선물 유심 교체 투표 완료 이글읽고난다음 문자 기다리는중 꼬들 1208 미지수 바이올린 우리 제노 나가노 메이",0
2025-04-23 19:56:05,유심교체금내놔개자식들아,0
2025-04-23 19:55:42,"얼마나 심각한지 모르면 안 돼
Skt 쓰면 빨리 유심 교체하고 데이터 처분하셈
ㅈㅉ 이건 내가 정보보안학과 갈 때쯤엔
ㅈ 된 사건으로 내 전공 서적에 실릴지고 몰라",0
2025-04-23 19:55:17,"SKT에 개따져야됨
내 유심 니네가 책임지고 바꿔줘
우리 가족 다 스크쓰는데
문자 하나 안보내주고 싸가지업ㅎ게 티월드 앱 팝업 꼴랑 하나인건 뭔 심보임?
그 앱 설치 안한 이용자들은? 어르신들은? 그 앱 안들어가면 몰랐겠네??",0
2025-04-23 19:54:38,Sk는 유심교체비용을 지원해라!,0
2025-04-23 19:53:45,"유심 비밀번호도 바꾸라고하네요..
칩 바꾸기전까진 임시 방편으로라도..",1
2025-04-23 19:53:30,유심 새로 사야겠넹^^,0
2025-04-23 19:53:15,엄마폰 유심보호 신청할라고 스크 가입하는 중인데 앱 뻗음 이새끼들이 진짜 하 씨발,0
2025-04-23 19:52:47,"SKT 정보 유출관련해서 7700원주고 유심교체하면 좋을듯합니다.
 > 교체하면 기존  유출 유심 고유번호에서 다르게 바뀐다고합니다.

유심 복사폰으로 은행 돈도 뺄수있다고하네요. 은행 어플 2차보안 필요할듯합니다.

1. SKT 해킹 사건 개요:

발생 시점: 2025년 4월 19일, 해커가 SKT 시스템에",21
2025-04-23 19:51:44,난  태블릿도  유심인데  ㅠㅜ   낼  고객센터 콜해야겠어,0
2025-04-23 19:51:31,아니 그니까 지들 부주의로 내 개인정보가 털렸는데 유심 바꾸는 것도 내 사비로 해야 한다는 사실을 믿을 수 없는 거야 SKT 개같은 새키들아 매달 돈은 뒤지게 처먹으면서,2
2025-04-23 19:50:45,** 우리 가좍 할머니 할아부지 전부 skt인데 어카라고 무상 유심교체 서비스 내노라고,1
2025-04-23 19:50:38,내일 할 잉 많은데 유심도 교체할래 ㅡㅡ,0
2025-04-23 19:49:34,SKT 유심 정보 유출에 '심 스와핑' 공포 재현 우려,0
2025-04-23 19:49:25,그와중에 내 유심 보고 대리점 직원이 10년이상 된 오래된 유심이라고 감탄하심... 그야 당연하죠... 미성년자 때부터 skt 원툴로 살았으니깐...,0
2025-04-23 19:49:11,"온가족이 sk인데,
유심무상교체라도 하라고 항의메일 넣어둠..
안내문자도 없이 티월드페이지에 공지만 띄우고...나도 여기서 소식들었지 모를뻔",1
2025-04-23 19:49:03,엄마 유심 바꿔줘야하냐고 어쩌냐고 SKT 이 시밸럼들,0
2025-04-23 19:47:54,"그리고 유심 교체 비용 지원에 대한 문의는 거의 없다고(모르죠..), 유난인 것처럼 얘기하던데 그게 아니라는 걸 좀 알려야될지도요..",9
2025-04-23 19:47:34,"skt 저 미친것들 유심무상교체 해줄때까
전화 메일문의 하기 운동",2
2025-04-23 19:47:04,-_- 유심 바꿔야 할까 ... 누군 또 괜찮대고......하...............,2
2025-04-23 19:46:59,유심 내일 바꿔야겠네 이자식들,1
2025-04-23 19:46:42,"유심교체 7700원 실화냐
내 피같은돈",0
2025-04-23 19:45:53,대가리 굴리면서 되도않는 헛수작 작작하고 그냥 일괄무상유심교체해라 진짜,0
2025-04-23 19:45:51,유심 그거 소비자들한테 팔아먹을때나 몇천원 받아먹지 원가는 몇백원도 안하는 그거 바꿔주기 싫어가지고 존나발악하네 차라리 저번에 유플처럼 빨리 바꿔주고 언플이라도 해라,7
2025-04-23 19:45:39,유심진짜 바꿔야대? 나 대리점갈 시간두 업어,0
2025-04-23 19:45:35,"해킹보다 무서운 건 늦장 대응 
— SK텔레콤 논란 정리

1. 유심(USIM) 정보 유출, 이용자는 몰랐다
SK텔레콤이 해커 공격으로 유심 정보가 유출된 사실을 T월드 공지로만 알림. 이용자들은 “왜 문자 한 통 없냐“며 불만.

2. 피해 고객 특정 안 됐다는 SKT의 해명
SKT는 “누가 피해자인지 확실치",21
2025-04-23 19:44:47,"해결법은 유심 교체 밖에 없는데 기업이 친 사고를 왜 사용자들이 유심 교체 비용과 교체 시간 소모하면서 부담해야 하는 건지?
SKT는 당연히 유심 무료 교체를 해줘야 한다고 봄.",37
2025-04-23 19:43:52,이 ㅅㅂ 내일 걍 유심 교체하러 가야겠네,5
2025-04-23 19:43:50,skt 너네가 유심바꾸는 비용을 대줘야하는거 아니냐?,0
2025-04-23 19:42:51,"SK 이번 해킹사건 대선앞두고 또 북한공작이니 논란만드려고 국정원서 꾸민거 아닌가 의심까지 든다...

낼 대리점가서 유심칩 바꿔야돼ㅠ
정신없다ㅠ",3
2025-04-23 19:42:33,게다가 유학이나 업무 등으로 해외에 나가있거나 나갈 예정인 사람은 바로요금제같은 로밍 관련 부가서비스에 가입되어 있을텐데 이 부가서비스 가입된 사람은 유심보호서비스 신청이 안되면 뭐하러 보호서비스를 받아 그냥 말장난이지,1
2025-04-23 19:41:38,평생 스크만썼는데 이렇게 ㅜㅜ유심은 다이소꺼 사도 되나요? 새로 사도 통신사놈들 못믿겟어요 엉엉,0
2025-04-23 19:41:25,"그리고 진짜로 유출이 이뤄지고 그 중 실제로 금전적 피해가 생겨서 보상할 일이 생기면 어쩌려고?
이미 회사 측에서 유출사고가 났다는 시점에서부터 유심보호서비스 가입 유도가 능사가 아니라니까?",0
2025-04-23 19:41:19,"미친 skt 느그들때문에
나 이미 아침에 눈 뜨고 상황 파악도 전에
유심보호서비스 가입햇어",0
2025-04-23 19:40:37,일단 SKT에 유심 재발급 문의 넣어야겠다 ㅅㅂ 솔직히 공짜로 해줘야지,1
2025-04-23 19:40:19,"유심새로바꾸러가야겠네...
돈내놔skt",2
2025-04-23 19:40:05,"씨빨새끼들
중국에 개인정보다털려서 걍 살았더니 이젠 유심이냐 에라이~",1
2025-04-23 19:39:47,당장 내 유심 돌려내 이 미친 skt덜아!!!!!,0
2025-04-23 19:39:34,"근데 지금처럼 폰으로 오만 걸 하는 시대에
유심이 유출되면 그냥 다 할 수 있는 거 아니예요 내 명의로 폰을 오백개 만들 수 있는 건 아닌가요",0
2025-04-23 19:39:22,으아 오늘 클날뻔했다 유심비번 정하다가 잠길뻔했음...,0
2025-04-23 19:39:16,스크 유심교체 무상으로 해줘야되는거 아님?,0
2025-04-23 19:39:09,"SKT 고객 유심 정보 해킹 ㅡㅡ 이미 몇일되브럿어
#thdtjsdn #message #주식 #NASDAQ #BTC",0
2025-04-23 19:38:59,지들이 잘못했는대 왜 제돈으로 유심사고 ㅜㅜ엉엉,0
2025-04-23 19:38:53,"인터넷은 허구한 날 끊겨
안 끊기면 느려 
해킹 당해
유심교체도 안 해줘
이녀석들......... 하는 게 뭐지?",4
2025-04-23 19:38:47,"그러니까 유심 해킹 당했으면 그냥 게임 끝 통장 다 털리는건데 주식계좌 코인계좌 기타부타 다 털리는거 순삭인데

sk텔레콤 왜 점하 안가냐 ㅋㅋㅋ 피해보상 뒤질텐데

#thdtjsdn #message #주식 #NASDAQ #BTC",0
2025-04-23 19:38:31,으아 오늘 클날뻔했다 유심비번 정하다가 잠길뻔했음...,2
2025-04-23 19:37:53,"""유심 해킹이라니…그간의 개인정보 유출과 달라"" 전문가들 우려 - 
#thdtjsdn #message #주식 #NASDAQ #BTC",0
2025-04-23 19:37:52,"유심보호서비스 그거 해야돼 말아야돼
니들이 알아서 보호해야지;",2
2025-04-23 19:37:45,"내 유심 바꿔줘
타스케테",3
2025-04-23 19:37:30,아니ㅆㅂ개것들아 유심무상교체해줘야지,0
2025-04-23 19:36:33,"사고를쳤으면수습을해라
가입자들 유심무상교체나해주라고",2
2025-04-23 19:36:30,근데 진심 skt가 알아서 유심 무상교체 해줘야하는거아니가 진짜 귀찮아죽겟네,0
2025-04-23 19:36:25,유심 교체ㅜㅜ 넹..,1
2025-04-23 19:36:10,으아 오늘 클날뻔했다 유심비번 정하다가 잠길뻔했음...,0
2025-04-23 19:36:05,"해킹으로 유심 정보 유출된 SK텔레콤,
사고 후에야 “유심 보호 서비스” 가입을 권장.
하루 만에 7만 명 넘게 가입했다는 건,
애초에 고객 보호 기능을 왜 먼저 안내하지 않았냐는 질문으로 돌아온다.
피해는 없다고 하지만,
문제는 이미 유출된 뒤라는 것.",6
2025-04-23 19:35:50,안녕하세요. 단순하게 유심보호서비스 가입만으로 해결될 게 아닌 거 같은데요. 전체 고객들에게 유심교체를 해야하는 거 아닌가요? 망 품질은 오랜기간 제자리면서 이런 대형사고에 최소한의 책임은 보여줬으면 합니다.,14
2025-04-23 19:35:40,"로밍 잦고, 빡친 사람으로서 일단 유심교체를 함. 7700원 내놔 스크트야",0
2025-04-23 19:35:34,아 여행 유심 발급받아야지...,0
2025-04-23 19:35:02,이번 꺼 SK7모바일도 해당되는 지 모르겟소... 어차피 이유심에서 실물유심으로 바꾸고 싶었긴 한데...,0
2025-04-23 19:34:42,아까 유심보호서비스 도움 안된다느니 해외로밍 안되니 가입하지 말라는 트윗 있어서... 모든 사람이 근시일내에 꼭 해외 나갈 일정 있는 것도 아니니 상관없는 사람은 해두면 뭐 좋지 않을까. 정보탈취를 오늘 했으면 범죄자도 근시일 내에 출금해서 튀겠지...,0
2025-04-23 19:34:32,심 핀설정하려댜 유심잠겨서 전화안되네 아오,0
2025-04-23 19:34:11,"유심보호 서비스 가입들 하셨나요?
오전에 흘려듣다가 티월드 들어가니
공지에까지 있어서 일단 가입.
해외로밍서비스가 필요한분들은 살피고 가입.
가입은 바로인데 기존꺼 해지가 대기 3천명 넘네요..",7
2025-04-23 19:33:50,헐.. 유심이 털릴수가 잇는거였어..?,0
2025-04-23 19:33:44,저새끼들 무료로 해 주는 거 기다리는 사이에 다 털리겠네 ㅅㅂ 내일 퇴근길에 대리점 들러서 일단 유심 바꿔야지,0
2025-04-23 19:33:37,내 유심 비밀번호는 뭐렸더라,0
2025-04-23 19:33:36,"내가 기본 로밍서비스 가입되어있는데
유심보호 신청하려면 로밍 다 해지 해야됨....",0
2025-04-23 19:33:17,Skt 용서못해 진짜....하 개귀찮아...내일 유심 바꿔야겠다...,0
2025-04-23 19:33:08,"내가 잘못해서 유심을 재발급하는거면 비용 나오는거 어쩔수없겠는데
이거는 내가 잘못해서 생긴 일이 아니잖아요...
나중에 과징금을 얼마나 부과할지는 모르겠지만 재발급 요청하는 고객들한테 무상으로 교체해주는 비용이 더 싸게 먹히면서도 고객을 생각한다는 이미지도 챙길 수 있지 않겠어요?",0
2025-04-23 19:33:04,유심보호 신청해서 괜찮으면 좋은데 막상 트윗들 보면 영 소용도 없어보이고...ㅠㅜㅠㅠㅠㅠ어떻게 해야 좋을지 모르겠어요ㅜㅠ,0
2025-04-23 19:33:02,기사 내용 자세히 보니까 유심보호서비스 가입하는 방법은 충분히 추천할 만한 거 같은데? 수법이 복제 가짜 유심을 새 공기계에 넣어서 그걸로 휴대폰 본인인증해서 자산 탈취한단 얘기 같은데.. 유심을 새 기계에 끼워도 기기변경 안되게끔 일시적으로 설정해두면 좋지,0
2025-04-23 19:31:18,유심 보호 서비스 가입하세요 할게 아니라 유심 재발급 비용을 0원을 하든지 페이백을 하든 지원을 해야하는데 전혀 할 생각이 없는 듯,822
2025-04-23 19:30:11,"“해킹 사실 왜 안 알려줘?” 이용자 원성 SKT…“오늘부터 전원 문자” 

유심 정보 유출 드러났지만…홈페이지·앱에만 공지
“가족 모두 SKT, 아무도 몰랐다” 지적 이어져",6
2025-04-23 19:30:04,유심 무료로 교체해달라고요,0
2025-04-23 19:29:36,"저도 방금 PS&M 지점에서 유심 재발급하는데 현장결제 7,700원 청구되어서 방금 본사 고객센터에 문의하여 담당자 메일로 결제 영수증, 카드 결제내역 첨부 발송했습니다",0
2025-04-23 19:29:36,"SK텔레콤 악성코드/해킹 이슈로 유심 재발급 받을 예정인 분은 참고바랍니다

방문시 되도록 통신사 직영점 PS&M(SKT자회사)같은 곳에서 처리를 받는 걸 권장하고
유심 비용 청구가 이루어지면 ""회사 측 이슈로 고객이 직접 재발급을 받는 상황인데 비용 청구를 하는게 맞는건지"" 얘기하는게 좋습니다",15
2025-04-23 19:28:18,유심보호인가 부가서비스 가입했는데 로밍해지해야 가능해 지금 당연히 로밍 안쓰지만 나중에 해외나가면 또 불안해질거고 과연 부가서비스 가입한다고 이게 차단이 될까 의심스러움,0
2025-04-23 19:28:00,당장은 크게 인증할 게 없으니..ㅠㅠ 시간내서 유심칩 바꿔야겠어요,0
2025-04-23 19:27:49,SKT 사용하시면 한번 알아보세요.. 유심 전면 교체가 답인 거 같은데 음..,0
2025-04-23 19:27:17,헐... 예전에 핸드폰 사본 만들어서 범죄 저지르거나 가족감시하는 게 유심복사로 하는 거였구나,1
2025-04-23 19:26:49,"유심보호서비스 가입방법… 로밍은 어떻게? (+SKT 해킹)
#유심 #보호 #해킹 #로밍 #유심보호서비스",0
2025-04-23 19:26:30,"유심 바꾸면서 통신사도 바꾸자고 얘기해봐야겠음 안그래도 우리집 나랑 어머니만 skt여서 결합하라고 kt skt양쪽 통신사에서 종종 전화오는데
그래...가주마 이 싸가지없는것들",1
2025-04-23 19:26:28,유심을 ㅅㅂ 그럼 스크가 보상해줘야하는거아니냐고 어이없어,0
2025-04-23 19:25:16,"SKT 개인정보 강화 공지가 많이 보여서 공유해요.

소중한 자산 지키셔야하니
개인지갑으로 옮기는 것을 추천드려요

아니면 유심보호서비스를 신청하셔야…",17
2025-04-23 19:25:15,유심변경무상으로 해줄때까지 내 돈 안쓸거니까 빨리 해결하슈,2
2025-04-23 19:25:07,"Skt 유심 해커 어쩌고 내 심경
ㅅㅂ 다 털어가라 다 털어가
애초에 skt가 보호를 쳐잘해야지(IT좃도모름)
그걸 내가 틧터 들어오ㅓ서 알게하는것도 존나 문제고 티월든지 지랄인지 들어가니까 안내문 띡 한개 있고 
존나 악플을 멈출수가 없음",2
2025-04-23 19:25:00,아니 유심칩을 내 돈 주고 내가 교체 해야된단 말이야?,0
2025-04-23 19:24:01,"난 걍 유심칩 새로 교체함
서비스센터에서 유심보호 서비스 그거 하면 된다는데.
.
외양간 박살났는데 앞만 깔짝깔작 수리한다고 다 고쳐지나요..",0
2025-04-23 19:23:02,내일 유심 바꿔달라고 가버ㅏ야되나 하   ㅅ 1 발 새끼들아,0
2025-04-23 19:22:44,"좀더 자세히 뭐라고 답변받았냐면,
SKT 유심 정보유출로 인한 피해규모는 아직 파악되지 않음. 유심보호서비스를 가입하는 건수로 피해규모를 추정할 지도 모름. 그러나 현재로서는 조치사항은 없음.
그러므로 알 수 없는 피해에 대한 유심 비용은 지원할 수 없음. 이었습니다.
※공익을 위하여 작성됨",8
2025-04-23 19:21:57,그리고 직영대리점인데도 관련 지시나 교육이 없나봄 고객이 불안해서 자부담으로라도 유심교체하러 왔고 유심 없으면 아떡하냐고 물어도 털렸으면 진즉에 털렸어요 라고 별 것 아니란식으로 대응함...,0
2025-04-23 19:21:53,십새들실물유심카드 전면무료교체를 시행해도 모를판에 이지랄나서 화나갖고 신고함 ㅅㄱ,0
2025-04-23 19:21:35,대리점 갔더니 유심에는 개인정보 없다고 굳이 안바꿔도 된다는데 이거 skt가 그짓말하는건지 그 대리점이 오리발인건지 정보가 잘못된건지..?,1
2025-04-23 19:20:37,에스케이와 정보통신부는 정확한 정보를 제공해야되지 않나?? 이말 저말 다 도는데 다 전문가 마냥 말하고 있음. 진짜 유심을 바꿔야되면 정부에서라도 강제적으로 명령해야하지 않나???,0
2025-04-23 19:20:17,아니 이런 상황인데 유심교체하러 왔다니까 그게 그거라고 안해도 된다고 한거여..????,2
2025-04-23 19:19:30,내 유심은 어떡하지,0
2025-04-23 19:19:15,하필 외할머니댁에 내려와 있는데 유출이라니 올라가도 다음주에나 올라가는데 참..... 통신사 바꾸는건 당연하고 유심까지 싹다 바꿀까,0
2025-04-23 19:17:58,당장 다음주 출국이라 이거 안하고 고객센터 전화해서 유심교체 해달라고 했더니 직접 대리점 가야하고 비용은 본인부담이라고.... 누가보면 내잘못인줄,17
2025-04-23 19:17:54,유심보호서비스라...,0
2025-04-23 19:17:50,에잉. 유심 바꿈.,1
2025-04-23 19:17:07,NFC 폰으로 교통카드쓰고싶은데.....유심 갈아라는 말도 있어서 10년 넘게 쓴 유심 쌩돈내고 바꿨는데 ㅠㅠㅠㅠ 소액신용결제 저거 등록은 어케하눈거래 해도 괜찮은거야?,1
2025-04-23 19:16:34,에스케이 sk 스크 시발럼들아 아직도 무료유심교체공지 안처올렸니? 처돌았냐????,0
2025-04-23 19:16:21,"skt가 무상 유심교환 해줘야하는 거 아님..? 
미친 것..",7
2025-04-23 19:15:45,유심 공짜로 바꿔달라고,0
2025-04-23 19:15:28,하 유심건때메 종일 정신없다,0
2025-04-23 19:15:03,보호기능이 아니라…. 걍 유심 바꿔줘야 하는 거 아님??…….,15
2025-04-23 19:15:01,SKT 개빡치네 유출됐으면 문자라도 보내던가 트위터 아니였음 유출된지도 몰랐을거임;; 유심보호서비스랑 명의도용방지 다 하긴 했는데 진짜 고소미 먹이고 싶네,2
2025-04-23 19:14:53,"유심을 걍 갈아껴야 하나,,,",0
2025-04-23 19:14:43,"홈페이지에 고객센터 번호가 공지되어 있고, 지금도 연락이 되니까 시간되시면 유심 교체 비용 관련으로 문의 넣으셔도 될 것 같아요.
이용자 전체에게 유심 교체를 시켜줘야 할 상황에, 상확파악중이라 정확한 피해규모를 모른다. 그러니 유심교체비용은 지원할 수 없다. 이렇게 답변 받았습니다.",227
2025-04-23 19:14:34,"SKT 사용자들 유심까지 깡그리 해킹당했다는데 봐라.
내가 개인정보 관리를 못 해서가 아니라 기관과 회사에서 털리는 것임.

유심 보호 서비스 내밀면서 또 다달이 털어먹으려고?
통신사를 바꾸... 려니 전부 똑같은 등신이라서 바꿀 통신사가 없네?",5
2025-04-23 19:14:28,일단 걍 바꿈..보상해준다고하면 유심 금액 환불해달라고 해야지,0
2025-04-23 19:14:08,"오랜만인데..
SKT 쓰시는분들 
유심보호서비스 신청하세요
그런데 이미 늦은거라
유심바꿔준다고 공지를바꿔라",1
2025-04-23 19:13:41,"폰바꿀 때 유심보호 그거 해지를 해야
새폰에 내 유심을 장착할 수 있을텐데
어쩌라는거임
skt ㅈㄴ 노답이야 내가 자급제로 폰을 사는게 아니라 기기변경만 할경우 요금선택권 아예 없어서 약정 끝나야 무료로 요금제변경가능해서 강제로 13만원짜리 쓰게하면서",0
2025-04-23 19:13:19,"이심도 못쓰게 막는 좆같은 서비스 가입시켜주면서
보호하는척 지랄 그만싸고 좋은말로 할때 유심 무료교체 진행해라",0
2025-04-23 19:13:15,럴수 유심을 바까라고요?!,0
2025-04-23 19:13:13,유심을 바꿔야 하나...,0
2025-04-23 19:13:07,"가족할인땜에 스크트 묶여있는데 가족할인도 은근슬쩍 줄이고 요금제 별로고!!! 
양심적으로 전부 새유심 배송해줘야하는거아니냐!!! 배송 불가능하면 대리점에서 무료교환이라도하게하고 니들이 값지불해!!",0
2025-04-23 19:13:02,"그냥 유심 무상 교체 안되나요?
돈 많이 벌잖아요... 잘못은 기업이하고
수습은 소비자가 하라구요?ㅎ",0
2025-04-23 19:12:31,"나.
관련 분야 지식은 없는데요 이런 글을 봤습니다 유심 writer라는 기기를 구매하고 악의적인 목적으로 이용할 경우 본인인증 및 비대면 대출까지도 가능한 상황이라고 합니다
유심을 새로 교체하면 된다는데... 
서비스 기업이 정보관리 소홀로 유출되었으면 기업이 제공해야 맞는 것 아닐까요(?)",2
2025-04-23 19:11:48,아무래도 불안해서 sk대리점 갔더니 유심이 동났다네 참나 어쩌란거여,0
2025-04-23 19:11:00,"고객 과실이 결코 아닌, 회사측 관리부실로 일어난 정보유출인데도 고지 내려온 게 없어서 유심 교체 비용 지원은 못 해준다고 하더라고요.",0
2025-04-23 19:10:29,유심보호가입한 상태로 폰 약정이 끝나서 폰 바꾸러 대리점 갔을 때 유심보호가입한거 어차피 해제해야 새폰에 내 유심을 끼울 수 있을텐데,0
2025-04-23 19:09:26,"sk 유심 털렸는데 kt 라고 안전 하겠나
이미 털린거면 빨리 말해라",0
2025-04-23 19:09:13,"일단 해피콜 취소함. 걍 통신사변경할려고 유플유심칩 주문해놨고,, esim이 고민이긴한데 지금 이 시점에서 전환할까말까 생각중,,, 생각보다 이심을 많이 안써서 정보가 없다 그래서 무서운거임",1
2025-04-23 19:08:33,"가.
SK텔레콤에서 해킹을 당했다고요 
그 유출된 내용은 유심의 ICCID라는 것이라고요 중국 화웨이 장비를 써서일까라고 생각합니다만 아무튼 그냥 사과만 하는 것 같고 가입자들에게 유심 교체를 진행하지는 않는다고 합니다 유심을 돈 받고 판매해야 하니까요
그런데 매우 심각한 상황이라고 해요",1
2025-04-23 19:08:22,로밍요금제 가입했으면 그거 해지해야 하고 반대로 로밍차단서비스 가입했어도 그거 해지하고 해야 함ㅋㅋㅋㅋㅋㅋㅋ 빨리 유심 무상 지원해라 뭐냐 이게,1
2025-04-23 19:07:52,피크민 하는김에 유심 바꾸러옴..,0
2025-04-23 19:07:47,하 ㄹㅇ 유심바꿔야되나 개큰고민중이애,0
2025-04-23 19:07:36,"닦개 퇴근...대리점 가서 유심도 바꿔야하네
ㅅㅋㅌ쉑들 때문에 무쌍 오리진 할 수 있는 시간이 1시간 더 멀어졌어",5
2025-04-23 19:07:32,유플러스도 유심 교체 해줬는데 민심 안 좋아지면 무료교체 할것 같기도 해요,2
2025-04-23 19:07:31,"유심보호  그거 뭐 가입하라는거야 말라는거야
누구는 무조건 가입하는게 좋다고 하고
근데 유심보호그거 가입하면 해외로밍제한걸려서 해외여행 할 때
외국으로 출장나갔을 때 못쓴다며",0
2025-04-23 19:07:23,유심 바꾼지 한달 되었는데 이난리..,0
2025-04-23 19:06:49,유심 교체 어떻게 해야.. 아 귀찮아 이제 일 끝났고 100년은 누워 쉬고 싶다,2
2025-04-23 19:05:16,진짜 아직도 개쳐열받에 유심 잠그라고해서 뭣도 모르고 잠궜다가 안풀려서 퇴근할때까지 농땡이도 못쳤다고,1
2025-04-23 19:04:24,니네가 양심이 있으면 내 다음달 통신비에서 유심값 청구 철회해라 열받으니까 니넨 양심이 있던 적이 없다는 걸 익히 안다만 아 열받아진짜,0
2025-04-23 19:03:59,아니 이거 skt망 쓰는 알뜰폰도 해당되는 거야...? 나 최근에 유심 샀다고 ㅅㅂ,0
2025-04-23 19:03:39,"에스케이...아무래도 찜찜해서 유심칩 바꾼
니네가 관리못한걸 소비자가 돈써서 바꿔야겠냐고",1
2025-04-23 19:03:35,"유심 교체 비용 관련해서 SKT에 문의해봤는데.
정확한 피해규모가 안 나와서 해줄  수 있는 게 없다고 안내받았습니다.
하..",1
2025-04-23 19:03:33,skt 이 새끼들 유심 교체하는데 돈 받아쳐먹네ㅡㅡ 잘못은 지들이 해놓고 콱씨,0
2025-04-23 19:03:11,유심 최대한 빨리 바꿔야함,0
2025-04-23 19:03:10,"유심교체공지가 왜 안올라옴 진심
난 유상으로라도 바꿀거긴함",0
2025-04-23 19:03:02,유심 교체가 답이려나..,0
2025-04-23 19:02:53,"SKT 유심교체 해야한대서... 그냥 이번에 통신사 옮길까 싶어서 번호이동 전화상담 예약해놓음 
SKT만 10년 넘게 썼는데 이렇게 바꾸게 되는구나",6
2025-04-23 19:02:39,"skt이 씹새들이 어디서 얼렁뚱땅 넘어가려고
당장 사용자 전원 전체문자 돌리고 유심자동무상교환한다고 해도 시원치않구만",0
2025-04-23 19:01:29,개인정보가 털린게 아니고 유심에 원래 고유번호가 있는데 그게 유출된거라서 최종적으로 안전하려면 유심칩 교체가 답이래ㅋ,0
2025-04-23 19:00:18,무상 유심교환을 지원하시는 게 맞지 않으신지,1
2025-04-23 18:59:44,"여러분 그냥 빨리 유심 교체하십시오
…
동생이 지금 유심 교체 하고 왔는데
직원도 유심교체가 젤 안전하긴 할꺼라고
했답니다. 기존 유심 보호 서비스고나발이고 뭐고 그냥 안전이 제일에 먼저 털려버리면 소용없으니 무상 교체기다리시 마시고 
직접 빠르게 교체 가십시오;;;",32
2025-04-23 18:59:42,유심을 갈아야 해?? 개인정보뿐만 아니러 유심도 복사된겨?,0
2025-04-23 18:59:36,SKT야 이게 맞냐 내 유심 털렸대서 퇴근길에 유심 바꿨다 내가 이런 망한 통신사의 고객이라니,0
2025-04-23 18:59:05,여러분 유심바꾸세요...가입해봤자 지네 생색만 내는거지...불편만 합니다...유심바꾸고 유심비내놓으라고 항의하세요,0
2025-04-23 18:58:57,"수컷 생쥐가 항문으로 출산에 성공

다나카 케이 베데스다 무도 외계인 FogoChain 무도키즈 티니핑 콜라보 유심 교체 유심보호서비스 나가노 메이 프란치스코",0
2025-04-23 18:58:12,"19일에는 SKT 해킹으로 유심에 포함된 이름,주민등록번호가 털림.
오늘은 선관위가 공격 당함.
조기 대선 한달 남은 시점에?
이래도 부정 선거 없다고 떠들어들 댈건가?
만약에 저번처럼 이번에도 ""나는 투표 안했는데 왜 투표 한걸로 처리 되어있냐""라는 사람 한명이라도 나오면 그때도 부정 선거",84
2025-04-23 18:57:58,"유심 바꿨는데
물량없다고 뺑이시킴",2
2025-04-23 18:57:29,무상 유심 교체나 하셈,0
2025-04-23 18:57:21,"sk까지 나를 힘들게해 어뜩하라고 
유심그거 바꾸라고 어쩌라고 
대기업새끼들이 하는꼬라지가 다 왜이래",1
2025-04-23 18:56:26,돈 내라고 할때랑 광고할때 이래저래 문자 보내놓고 이런 큰일은 공식홈에다가만 띡 올려놓고 알아서 유심보호 깔아라? 장난치나. 무료유심제공해주라고. 일을 뭐 이렇게 이상하게 하냐고.,9
2025-04-23 18:56:18,"진차요ㅠ
유심바꾸는게 낫다는데
그건 또 비용 받는게 진짜너무킹받아버려유",0
2025-04-23 18:56:10,sk이 자식들은 어플 들어가야 볼 수 있는 공지 띡 하고 띄울게 아니라 최소한 무료로 유심 교체 해드리겠다 문자보내야 하는거아니냐고,2
2025-04-23 18:56:08,유심보호서비스 냅다 신청하긴 했는데 마음이 안 놓이네 유심 교체 해야 하나.,0
2025-04-23 18:56:01,"Skt 니들이 유심무료교체해줘야지 이놈들아
15년 넘게 skt쓰고있는데
싹바가지없게 저걸 티월드에만 띄워.
유출건 문자보내라고",8
2025-04-23 18:55:52,이거하다 실수로 휴대폰 잠겨서 지금 대리점 가서 풀고 왔습니다. 근데 직원님이 '공지에 올라온 유심보호 서비스만 해도 괜찮아요~ ' 하시는데 괜찮을까요?,1
2025-04-23 18:54:58,"에레이...
유심 바꾼다하고 유심비 내놔라고 민원걸어야하나...",0
2025-04-23 18:54:55,SKT 해킹 유심보호서비스?,2
2025-04-23 18:54:51,"'해킹피해' SKT, '유심보호서비스' 가입 시도에 고객센터 서버 폭주",2
2025-04-23 18:54:41,이미 털리고 나서 보호서비스가 뭔 의미가 있냐. 피해자들 유심 무료 교체라도 해라.,4
2025-04-23 18:54:19,유심 바꾼지 얼마 안 됐는데...,0
2025-04-23 18:53:43,불안해서 바로 유심 바꿈......,1
2025-04-23 18:52:38,"저번에는 GS에서 갠정보털렸다 문자오더니
3일전에는 인스타 해킹당했는덱 ㅋㅋㅋㅋㅋ
이번엔 또  에스케이티 너야??ㅋ큐ㅠㅠㅠㅠ

머리아프네 유심..( ´△｀) 흑흑",4
2025-04-23 18:52:27,아니시발 무슨 유심보호 프로그램 깔라고 할건 뭐지. 미안하다고 사과만 하면 되나. 무상으로 유심교체라도 해줘야하는거 아니냐. 염병,0
2025-04-23 18:52:22,유심 바로 바꿨다...,0
2025-04-23 18:52:02,우선 유지해두고 유심 바꿀때 현장에서 풀어달라해,0
2025-04-23 18:50:32,유심보호서비스 이용하려면 로밍 서비스 해지해야하는데 로밍 해지 요청하면 뜨는 대기시간이 거의 1시간...,15
2025-04-23 18:50:24,"남자들 사이에서 내 별명 성격임

FogoChain 유심 교체 무도 20주년 강다니엘 유심보호서비스 자기계정 여름쿨매트뮤트블러셔민혁 바이올린 솔로 다음날통장 제노 생일",0
2025-04-23 18:48:50,유심 바꿋다,0
2025-04-23 18:48:10,유심 교체하면 전화번호 바뀌는건가 ㅠㅠ,1
2025-04-23 18:47:58,유심보호 해도 이미 털려서 의미없다,0
2025-04-23 18:47:41,"스크 유심유출때문에 부가서비스 가입하래서 눌렀는데 로밍서비스 하나 해지해야된다길래 해지 눌렀더니
50분동안 기다리랭...",0
2025-04-23 18:47:36,"유심 변경하러 왔는데.... 
유심 변경비용 7,700원.

사고는 자기들이 쳐 놓고, 명확한 대책도 없이 요금은 고객에게 부과하네요.",9
2025-04-23 18:47:35,skt 나 유심 바꾼지 5개월밖에 안됐다고... 유심교체비 너네가 줄거냐고 기업들이 내정보 맨날 유출함 !!!!!!!!!! 칷,4
2025-04-23 18:47:29,맞아요 이거 방법 최종적으로 유심교체밖에 없대요 걍 skt가 무료유심교체해주는 수밖에 없음 솔직히 지들 잘못으로 이렇게 된건데 무료 교체해줘야지 아니면 걍 사람들이 단체소송걸어야 하지 않나 싶다,5396
2025-04-23 18:47:11,와시발이거해지하고유심보호인지씨발인지하려고햇더니ㅋㅋㅋㅋㅋㅋㅋㅋㅋㅋㅌㅌㅋ,1
2025-04-23 18:47:05,"대처를 해야 할 것 같아서 고객센터에 전화했던 거였는데
걍 부모님 모시고 대리점 가서 유심 다 교체하는 걸로 해결 봄 그게 제일 빠르고 확실하고 장기적으로 덜 귀찮을 것 같아서",16
2025-04-23 18:46:51,"40G 들고 해방촌 다녀옴

이글읽고난다음 제노 생일 자기계정 마호도코로 푸팟퐁커리 이지훈 금발 프란치스코 여름쿨매트뮤트블러셔민혁 유심 교체 CU 쿠폰",0
2025-04-23 18:46:48,피해자들 유심 전면 무상 교체해줘야하는거 아니야?,1
2025-04-23 18:46:37,후....부모님 유심까지 다 바꿔드렸고 ㅜㅜ).... 당분간은 더 조심해달라고 했으니 괜찮겠지...,2
2025-04-23 18:46:36,상특) 유심보호 귀찮아서 안함,0
2025-04-23 18:46:35,손톱하고 머리도 하고 여행준비 끝났는데 SKT 유심 유출 당해서 멘탈 무너짐. 대형 통신사인데 일처리 진짜 윤석열 같이 함.,0
2025-04-23 18:46:10,유심 바꾸면 폰번호도 바뀌지않나??,0
2025-04-23 08:59:28,그냥 유심칩을 SKT가 모든 기존고객에게 무료로 유심칩을 새로 발급해주면 안되나.,0
2025-04-23 08:58:15,"SKT 유심 정보 유출에 '심 스와핑' 공포 재현 우려
출처 : 연합뉴스 | 네이버",0
2025-04-23 08:51:03,"sk텔레콤 유심정보유출 사고로 ! (2차피해 예방)
★ 갤럭시 사용자분들은 유심 비밀번호 재설정 하시길 ,,

갤럭시 기준
 설정 --> 보안 및 개인정보 보호 --> 기타 보안 -->
SIM 카드 잠금 설정기능 활성화
처음 비밀번호  0000을 입력후
본인이 원하는 숫자로 비밀번호를 변경해 저장 !",21
2025-04-23 08:36:24,유심을 바꿔야 하나...하는 생각이 갑자기..,0
2025-04-23 08:31:31,기사 보고 알았다니까.... 사이트 들어가면 공지 떠있더라... 유심보호서비스 무료 가입해준다는데 대신 그거 하면 해외로밍 안됨^^ 어차피 로밍 안 쓰니까 찝찝해서 걍 신청함...,0
2025-04-23 08:27:02,"SKT는 HSS 중앙 서버 해킹된 후 사용자에게 문자 한 통 없고, 사용자가 언론기사를 통해 이 사실을 접하게 하네요. 언론 기사 댓글 보고 유심보호에 가입했습니다. 티월드 사이트에 들어가니 공지가 올려져있네요. #SKT 매우 유감입니다.",0
2025-04-23 08:05:05,"아 진짜 SKT새끼를 확 통신사 이동 해버릴까
이새끼들 유심칩 털렸다는 것도 아무리 봐도 그냥 이놈들 내부에서 병신같은 놈이 유출한 거 같은 느낌인데

전에 LGU+이었나는 이거 전부 유심 교체 해줬던가 했을건데 이놈들을 입꾹닫고 있을거 같단 말이지",0
2025-04-23 08:01:49,생각해보니 유심차단 서비스 같은 되도안한걸 해주는게 아니라 무료 유심 재발급을 해줘야 하는거 아닌가??,24
2025-04-23 07:39:02,"Skt 해킹으러 유심번호 유출되었을수도 있대요 
뉴스보고 저도 tworld들어가서 가입함
뉴스보기전까지몰랐음 ㅡ ㅡ안내문자도 없고 진짜 짜증",7
2025-04-23 07:35:17,"""알아서 자산 지키자""

3년 전 국내 코인 투자업계를 들썩이게 했던 '심 스와핑' 사건
해킹된 유심 정보가 복제돼 자산 탈취에 쓰인 정황이 유력했다는 점

SKT 유심 정보 유출에 '심 스와핑' 공포 재현 우려",0
2025-04-23 07:16:18,유심보호서비스 가입하기:,0
2025-04-23 07:16:17,"skt 해킹

유심 고유번호까지 

털린거 맞음?

유심 교체해야 되는거?

고의는  아님?

심각!

빨랑 슬라텔레콤코리아  

오픈 앙망.",0
2025-04-23 07:15:05,"19일 저녁 해커에 의한 악성코드로 유심관련 일부 정보 유출 정황

추가 안전 조치 원하는 고객에게는 ‘유심보호서비스(무료)’ 가입 제공 중
 출처",0
2025-04-23 07:02:00,통신사 skt 쓰시는 분들 당장 티월드 들어가서 유심 보호 서비스 가입하셔야 됩니다... 얘네 해킹당해서 이용자들 개인정보 유출됐대요 근데이개새끼들이안내문자를보내는것도아니고그냥사이트에이런공지하나띡올리고끝임ㅆㅂ... 탐라에도 혹시 모르는 분 계실까 싶어 공유합니다,18756
2025-04-23 06:59:08,"유심 잠그려면 가입시 초기 PKU 넘버 알아야 하는데 PKU 확인법.
폰에서 모르고 하려다 3번 잘못 입력하면 잠겨버리고 대리점 가야 한다. 주의!",0
2025-04-23 06:57:17,당장은 유심 잠금이라도 해놔야… 오늘 가서 유심 바꾸던가 해야겠다. SKT놈들이 공짜로 해줘야 하는거 아니냐!!,1
2025-04-23 06:44:30,유심보호서비스 요번 이벤트 끝나면 유료로 전환 할까요?,0
2025-04-23 06:26:58,"공부 중에 참으로 오묘하여 수시로 변해서
온갖 스트레스의 주범인
마음을 다스리는 공부를
불교는 제일 중요하게 생각합니다.

그 마음공부의 첫 번째는 
눈에 보이는 모든 것은
마음이 나타난 것이라는 '유심소현'
내가 한 만큼 되돌아오는 '자작자수'입니다.

- 지원스님",0
2025-04-23 06:03:40,"굿모닝~~ 입니다!!
벌써 한주의 가운데로 왔네요~~
오늘만 지나면 주말이 또 성큼 다가 오는 느낌이 드는날이니 피곤하더라도 조금만 참아 보아요~~

국내 주요 뉴스

 SK텔레콤 해킹 사고
-국내 이동통신사 SK텔레콤 해킹 2,300만 명 중 일부 유심 칩 정보 유출

 금값 상 최고치 경신
-국내 금",28
2025-04-23 05:20:04,"‘가입자 2300만’ SKT 해킹, 유심 정보 털렸다… 당국 조사 착수",0
2025-04-23 03:34:38,"엄청난 유출사건인데 세상이 조용하네?

SKT, 해커에 ‘HSS 서버’ 공격받아
모든 유심정보 담긴 중앙 데이터베이스
유심 번호로 대포폰 개통 악용 우려
“해커 수준급”···다크웹에 뿌릴수도
과기부·KISA, 사고대책반 가동",1
2025-04-23 02:34:03,"유심보호 서비스 가입하면 유심 다른데 옮기면 통화가 잘 안 되고, 해외로밍시 음성/문자/데이터 이용할 수 없대. 로밍중인 사람 

 . 유심 비번 바꾸기.",0
2025-04-23 02:25:05,SKT 사고는 최악의 상황이라고 가정하고 최소 심재발급은 해야 하지 않을까 싶군요. SKT가 싸게 막으려고 유심보호서비스인가란 말장난을 하는 것 같은데.,1
2025-04-23 02:17:44,SK텔레콤은 피해 의심 징후를 발견하면 즉각 이용 정지 및 안내 조치에 나설 방침이다. 또한 추가적인 안전 조치를 원하는 이용자를 위해 홈페이지와 T월드를 통해 유심보호서비스( 무료로 제공하고 있다.,0
2025-04-23 02:17:43,"무선통신 1위 SKT, 해킹에 뚫렸다···“유심 정보 유출 정황” (출처 : 경향신문 | 네이버 뉴스)",0
2025-04-23 02:15:11,"Skt 유심 정보 털린 건 이슈도 안 되네
포털 메인에 기사 한 줄 안 뜸",3
2025-04-23 02:11:30,"심(SIM) 스와핑 후, 게임 아이템 가로챌 수도

유심 정보를 다른 유심에 복제하는 심 스와핑 공격의 현실화가 가장 우려되는 문제

대포폰이나 대포 차량 구매에 악용
SMS를 통한 휴대폰 본인인증이 무력화돼 금융 앱 등을 통해 다른 사람의 돈을 가로챌 수도 있다.

보안뉴스",0
2025-04-23 02:09:59,"SKT, 초유의 유심정보 유출 사태...문제는 2차 피해 후폭풍

전형적인 2차 피해는 공격자가 타인의 IMSI 정보를 이용, 마치 자신의 바로 그 타인인 것처럼 네트워크에 접속하는 이른바 스푸핑(Spoofing) 공격이다. 

2025.04.22 보안뉴스
#Spoofing
#스푸핑",0
2025-04-23 02:00:17,"HSS는 모든 가입자의 전화번호, 고유식별번호, 키값 등 유심 정보를 포함해 기지국 노드값 등 음성 서비스 제공에 필요한 정보를 관리하는 유심정보 통합관리 서버다

중앙서버가 해킹당했다는 점에서 사안이 심각하다는 지적이 나온다.

2025.04.22 서울경제",1
2025-04-23 01:57:56,그냥 해외로밍차단 서비스 ....라고요? 유출 된 가입자 무료로 유심 변경해줘라 SKT,0
2025-04-23 01:42:12,"부모님 폰 유심보호 가입해놔야 
유심 해킹이라니 개별 문자 안내라도 해줘야지",0
2025-04-23 01:20:25,"통신사 SKT 쓰시는 분들
악성코드로 유심 관련 일부 정보가 유출됐다고 해요
유심보호서비스 무료로 이용하실 수 있다고 하니까 다들 가입하세요!!!",1
2025-04-23 01:13:15,skt유심 해킹이 처 당햇으면 고객한테 문자를 처 돌려야지 씨발 친한 동기 언니가 친구 인스스 보여줘서 알앗네 씨이발ㅋㅋ,1
2025-04-23 01:12:45,"SKT 일부 고객정보 털렸답니다
SKT 쓰시는분들은 무료서비스인
“유심보호서비스” 가입하시길바랍니다
(단, 해외 로밍중일시 가입 불가)",5
2025-04-23 01:02:27,"skt 이새끼들은 또 개인정보유출이네...
이젠 나도 자산이 생겨서 해킹될까바 조마조마하다. 일단 유심보호서비스(무료) 열린거 가입해둠",0
2025-04-23 00:55:15,유심 스핀보낸 깅아 고맙다... 아닌 밤중에 왠일이래니,0
2025-04-23 00:33:35,아개웃겨요 건너편자리애들 대화 유심이 듣는사람됨,0
2025-04-23 00:32:54,SKT 고객 유심 정보 털렸다고 뉴스 나오더니 역시나 나도 예외가 아니었군,0
2025-04-23 00:01:51,SKT에서 유심 해킹이 났다는군요. 유심보호서비스 외에도 예방 차원에서 고객번호 비밀번호 등록도 해두시길 권합니다. 모두 조심합시다.,2
